240,195,9,0,0,1.8889,1.1675,1.8333,1.7095,48.852,43.222,60.667,42.667,-16.889,35.444,-18.556,60.667,0.30036,-2.063,1
186,12,9,0,0,0.44444,0.27217,2.3333,1.9664,6.2593,3.8889,11.333,3.5556,-7.1111,15.222,-8.1111,11.333,0.6873,-2.058,-1
226,131,9,0,0,0,0,0,0,0,0,0,0,0,0,0,0,0,0,-1
80,203,9,0,0,1.3889,0.74287,1.9444,1.5263,12.407,10,9,18.222,-7.2222,-10.222,17.444,18.222,0.51444,1.9867,1
200,193,9,0,0,2.5556,2.0403,4.6111,3.5927,41.185,37.444,50,36.111,-11.222,26.444,-15.222,50,0.27988,-1.9958,1
56,243,9,0,0,2.2222,5.2741,2.5556,0.82963,6.4815,5.1111,4.8889,9.4444,-4.1111,-4.7778,8.8889,9.4444,0.52544,2.0336,1
182,186,9,0.11111,0,3.6667,2.044,1.7778,1.2413,48.444,43.778,59.889,41.667,-14,34.333,-20.333,59.889,0.30452,-1.9731,1
142,182,9,0,0,2.5,1.1,2.2778,3.6185,34.519,31.556,42.222,29.778,-8.8889,23.111,-14.222,42.222,0.29321,-1.943,1
162,237,9,0.11111,0,2.2778,1.1434,2.6667,2.5647,13.222,10.889,10,18.778,-7,-9.6667,16.667,18.778,0.47283,1.9904,1
23,55,9,0,0,2.2222,3.6741,1.7778,0.78519,23.444,21.667,31.111,17.556,-5.3333,23,-17.667,31.111,0.43507,-1.7712,1
118,180,9,0,0,1.9444,1.482,3.1111,1.0887,48.556,44.111,59,42.556,-13.333,31.333,-18,59,0.27882,-1.996,1
137,182,9,0,0,1.8333,3.8556,3.6111,9.2185,34.926,31.444,42.889,30.444,-10.444,23.889,-13.444,42.889,0.28576,-2.0011,1
137,141,9,0,0,0.055556,0.13608,0.055556,0.13608,0.037037,0,0.11111,0,-0.11111,0.22222,-0.11111,0.11111,0.11111,-2.0944,-1
180,142,9,0,0,0.16667,0.27889,0.11111,0.17213,0.11111,0,0.33333,0,-0.33333,0.66667,-0.33333,0.33333,0.22222,-2.0944,-1
182,152,9,0,0,0.77778,0.98131,0.83333,1.0904,0.77778,0.33333,1.6667,0.33333,-1.3333,2.6667,-1.3333,1.6667,0.70556,-2.0944,-1
142,33,9,0,0,0.5,0.62361,0.5,0.3496,110.59,96.778,128.67,106.33,-41.444,54.222,-12.778,128.67,0.24778,-2.408,1
242,148,9,0,0,0,0,0,0,0,0,0,0,0,0,0,0,0,0,-1
95,71,9,0,0,1.0556,1.0852,2.2222,3.763,105.67,96.667,122.44,97.889,-27,50.333,-23.333,122.44,0.21226,-2.1432,1
230,124,9,0,0,0.27778,0.10741,0.27778,0.15185,0.66667,0,2,0,-2,4,-2,2,1,-2.0944,1
117,181,9,0.11111,0,1.8333,1.2428,3,2.0548,46.889,43,56.889,40.778,-11.667,30,-18.333,56.889,0.28329,-1.9491,1
163,152,9,0,0,0,0,0,0,0,0,0,0,0,0,0,0,0,0,-1
16,128,9,0,0,0.5,0.077778,0.66667,0.31111,5.5556,6.8889,6.6667,3.1111,4,3.3333,-7.3333,7.1111,0.56151,-0.98581,1
208,65,9,0,0,1.3889,1.2368,26.444,25.537,56.704,52.667,64.444,53,-12.111,23.222,-11.111,64.444,0.19713,-1.9708,1
18,145,9,0,0,0.38889,0.018518,0.61111,0.37407,3.9259,5.5556,4,2.2222,4.8889,0.22222,-5.1111,5.5556,0.60053,-0.57094,1
7,18,9,0,0,1.2778,0.72963,0.94445,0.37408,138.63,133.33,147.56,135,-15.889,26.778,-10.889,147.56,0.096352,-2.2146,1
11,108,9,0,0,1.3333,0.8,1.3889,0.95185,17.667,19,21.111,12.889,4,10.333,-14.333,21.111,0.38876,-1.3021,1
94,104,9,0,0,6.6111,1.4207,1,0.5164,55.741,48.889,69.556,48.778,-20.556,41.444,-20.889,69.556,0.30307,-2.0855,1
54,91,9,0,0,1.4444,1.5407,0.83333,0.25556,3.2593,0.55556,8,1.2222,-8.1111,14.222,-6.1111,8,0.94481,-2.1867,1
229,195,9,0,0,4.1667,2.2779,4.1111,2.2476,47.704,42.444,58.889,41.778,-15.778,33.556,-17.778,58.889,0.29028,-2.0527,1
208,240,9,0.11111,0,1.0556,0.86296,2.4444,5.0074,14.148,10.889,13,18.556,-9.7778,-3.4444,13.222,18.556,0.42162,2.3925,1
202,193,9,0,0,1.1111,0.75031,3.3889,2.4892,41.704,37.889,50.667,36.556,-11.444,26.889,-15.444,50.667,0.27839,-1.993,1
169,131,9,0,0,2.3889,1.8669,9.2222,2.1152,35.704,30.667,45.778,30.667,-15.111,30.222,-15.111,45.778,0.33862,-2.0892,1
222,244,9,0.11111,0,2.9444,0.64074,2.2778,2.1519,10.37,9.6667,9.7778,11.667,-2.1111,-1.7778,3.8889,11.889,0.22648,2.3234,1
218,147,9,0,0,0,0,0,0,0,0,0,0,0,0,0,0,0,0,-1
129,184,9,0.11111,0,2.2222,0.91084,3.6111,1.8186,45.222,41.778,54.444,39.444,-10.333,27.667,-17.333,54.444,0.27582,-1.9302,1
189,68,9,0,0,1.1111,0.58373,1.0556,0.53403,6.8889,5.6667,10.333,4.6667,-3.6667,10.333,-6.6667,10.333,0.53415,-1.7803,-1
85,101,9,0,0,1.3333,1.2889,1.2778,1.2185,21.296,21.222,26.778,15.889,-0.22222,16.444,-16.222,26.778,0.40479,-1.5586,1
235,195,9,0,0,1.8889,2.0941,3,1.7385,48.333,42.778,59.667,42.556,-16.667,34,-17.333,59.667,0.29059,-2.0811,1
62,223,9,0,0,2.5,5.7222,1.6667,2.4444,6.6667,4.8889,4.6667,10.444,-5.3333,-6,11.333,10.444,0.59315,2.0466,1
53,42,9,0,0,3.2778,0.71233,0.61111,0.53403,28.259,24.444,36.222,24.111,-11.444,23.889,-12.444,36.222,0.33789,-2.061,1
137,182,9,0,0,1.8333,3.8556,3.6111,9.2185,34.926,31.444,42.889,30.444,-10.444,23.889,-13.444,42.889,0.28576,-2.0011,1
118,111,9,0,0,1.2222,1.047,0.55556,0.27217,62.259,56.444,75.333,55,-17.444,39.222,-21.778,75.333,0.26922,-2.0141,1
188,88,9,0,0,0.66667,0.4714,0.33333,0.29814,7.3333,5.1111,12.222,4.6667,-6.6667,14.667,-8,12.222,0.61791,-2.0358,-1
69,68,9,0,0,0.83333,0.86281,0.77778,0.58373,56.296,49.222,71,48.667,-21.222,44.111,-22.889,71,0.31603,-2.0695,1
225,58,9,0,0,0.33333,0.42164,0.44444,0.34427,8.3333,5.5556,14.111,5.3333,-8.3333,17.333,-9,14.111,0.62222,-2.0686,-1
233,159,9,0,0,2.5,0.52222,1.2778,1.5741,6.6296,5.1111,10.111,4.6667,-4.5556,10.444,-5.8889,10.111,0.54167,-1.9994,1
152,247,9,0,0.22222,1.6111,1.2185,7.1111,4.3408,21.926,21.111,25.111,19.556,-2.4444,9.5556,-7.1111,25.111,0.21579,-1.7555,1
25,155,9,0,0,5.7222,99.752,18,151.69,14.333,13,18.667,11.333,-4,13,-9,21.444,0.6463,-1.7974,-1
188,73,9,0,0,1.0556,0.92896,2.2778,1.9935,40.185,35.667,49.778,35.111,-13.556,28.778,-15.222,49.778,0.2971,-2.055,1
78,186,9,0,0,2.8333,2.1222,3.5556,4.2074,35.296,31.222,43.889,30.778,-12.222,25.778,-13.556,43.889,0.30229,-2.0601,1
125,149,9,0,0,0,0,0,0,0,0,0,0,0,0,0,0,0,0,-1
38,189,9,0,0,1,0.22222,6.2222,33.319,29.074,26.333,35.222,25.667,-8.2222,18.444,-10.222,35.222,0.27121,-2.0491,1
170,226,9,0,0,1.5556,1.4247,2.3889,1.2896,11.889,10.111,8,17.556,-5.3333,-11.667,17,17.556,0.54833,1.8725,1
163,68,9,0,0,1.8333,2.2111,1.5556,0.96296,56.778,52,68.222,50.111,-14.333,34.333,-20,68.222,0.26505,-1.9843,1
151,163,9,0,0,2.0556,2.2852,18.167,41.989,40,34.556,48,37.444,-16.333,24,-7.6667,48.111,0.26385,-2.5175,1
45,67,9,0,0,0.66667,0.29814,1.0556,0.64693,64.741,57.111,80.444,56.667,-22.889,47.111,-24.222,80.444,0.29815,-2.0767,1
212,234,9,0,0,0.44444,0.11852,1.0556,0.28519,7.1111,6,4.2222,11.111,-3.3333,-8.6667,12,11.111,0.62132,1.8383,1
32,173,9,0,0,1.7222,1.7816,9,6.7495,43.593,39.556,52.889,38.333,-12.111,27.889,-15.778,52.889,0.26691,-1.9989,1
23,188,9,0,0,1.6667,0.48889,7.3889,37.219,30.593,27.444,37.778,26.556,-9.4444,21.556,-12.111,37.778,0.28415,-2.0145,1
163,210,9,0,0,1.5556,0.54433,1.5,0.96032,11.852,9.3333,8.8889,17.333,-7.5556,-8.8889,16.444,17.333,0.48874,2.0437,1
18,87,9,0,0,1.5556,1.9626,1.8889,1.747,2.9259,1.2222,5.6667,1.8889,-5.1111,8.2222,-3.1111,5.6667,0.86277,-2.2295,1
117,44,9,0,0,1.2778,0.24074,1.3333,0.31111,106,93,126.78,98.222,-39,62.333,-23.333,126.78,0.26639,-2.2556,1
140,124,9,0,0,1,0.44444,1.1111,1.0519,2.5185,0.22222,6.1111,1.2222,-6.8889,10.778,-3.8889,6.1111,0.97377,-2.2675,1
130,145,9,0,0,0,0,0,0,0,0,0,0,0,0,0,0,0,0,-1
204,156,9,0,0,0.5,0.27889,2,0.55777,23.704,17.333,25.444,28.333,-19.111,5.2222,13.889,28.333,0.38903,2.8649,1
237,192,9,0.11111,0,0.83333,0.54772,4.3889,3.524,46.37,41.111,57.667,40.333,-15.778,33.889,-18.111,57.667,0.30267,-2.0472,1
11,62,9,0,0,0.88889,0.50185,0.72222,0.38968,66.778,57.444,84.667,58.222,-28,53.667,-25.667,84.667,0.32276,-2.1245,1
10,190,9,0,0,2.6667,6.9778,2.5,2.6556,32.963,29.333,41.111,28.444,-10.889,24.444,-13.556,41.111,0.30571,-2.02,1
114,184,9,0,0,0.72222,0.32963,9.3889,28.952,31.185,28.444,37.111,28,-8.2222,17.778,-9.5556,37.111,0.23234,-2.1603,1
174,145,9,0,0,0,0,0,0,0,0,0,0,0,0,0,0,0,0,-1
205,177,9,0,0,2.8333,9.6333,8.5,17.367,32.444,28.444,40.333,28.556,-12,23.667,-11.667,40.333,0.29636,-2.1212,1
107,21,9,0,0,0.66666,0.5164,1.1667,0.40825,126.78,115.78,141.89,122.67,-33,45.333,-12.333,141.89,0.18402,-2.3704,1
42,188,9,0,0,1.8333,1.8111,1.3889,1.7519,30.778,27.556,38.111,26.667,-9.6667,22,-12.333,38.111,0.30175,-2.0164,1
40,17,9,0,0,1.2778,0.95258,1.4444,1.1089,70.519,62.444,86.556,62.556,-24.222,48.111,-23.889,86.556,0.28624,-2.0985,1
229,124,9,0,0,0.88889,0.074074,0.88889,0.34074,5.8889,7.1111,7.1111,3.4444,3.6667,3.6667,-7.3333,7.5556,0.54586,-1.0377,1
158,186,9,0,0,0.88889,0.34074,1.5,1.8111,12.074,9.3333,10.778,16.111,-8.2222,-3.8889,12.111,16.111,0.42886,2.3195,1
43,152,9,0,0,1.9444,1.7074,1.2222,0.82963,1.5185,1,2.8889,0.66667,-1.5556,4.1111,-2.5556,2.8889,0.64868,-1.9332,-1
71,180,9,0.11111,0,1.2222,0.56296,3,1.8667,22.333,18.333,21.444,27.222,-12,-2.6667,14.667,27.222,0.32738,2.4538,1
36,145,9,0,0,0.27778,0.1963,1.2778,2.063,0.85185,0.33333,1.4444,0.77778,-1.5556,1.7778,-0.22222,1.4444,0.25185,-2.531,1
151,187,9,0,0,1.2222,0.74074,2.0556,1.0407,11.63,9.3333,9.6667,15.889,-6.8889,-5.8889,12.778,15.889,0.42836,2.1566,1
88,211,9,0.22222,0,1.3889,0.87981,2.4444,1.4555,10.815,8.8889,7.6667,15.889,-5.7778,-9.4444,15.222,15.889,0.52433,1.9408,1
252,201,9,0,0,4.6111,5.4951,5.5556,5.7953,40.296,35.778,49,36.111,-13.556,26.111,-12.556,49,0.27537,-2.1758,1
103,125,9,0,0,0.94444,0.82776,0.83333,0.69121,1.7778,0.44444,3.8889,1,-4,6.3333,-2.3333,3.8889,0.92381,-2.2376,1
63,220,9,0,0,3.0556,15.263,3.6667,6.0889,8.1852,6.5556,6.4444,11.556,-4.8889,-5.2222,10.111,11.556,0.48672,2.0931,1
17,229,9,0,0,2.1111,1.9851,2.4444,1.6147,13.704,11.222,11.111,18.778,-7.4444,-7.7778,15.222,18.778,0.43985,2.0999,1
196,95,9,0,0,1.7222,1.1238,1.3333,1.2649,7.6296,6.7778,10.778,5.3333,-2.5556,9.4444,-6.8889,10.778,0.51257,-1.7493,-1
140,125,9,0,0,0.27778,0.062963,0.66667,0.31111,6.1852,7.3333,7.6667,3.5556,3.4444,4.4444,-7.8889,7.7778,0.54563,-1.1218,1
28,188,9,0,0,1.4444,1.4963,5.1111,19.007,29.963,26.889,36.444,26.556,-9.2222,19.444,-10.222,36.444,0.27586,-2.0836,1
196,129,9,0,0,0.83333,0.43333,0.66667,0.17778,6.3333,7.8889,7.3333,3.7778,4.6667,3,-7.6667,8.2222,0.54012,-0.93278,1
206,61,9,0,0,0.55556,0.40369,0.5,0.45947,7.0741,4.6667,12.222,4.3333,-7.2222,15.444,-8.2222,12.222,0.64589,-2.0487,-1
21,90,9,0,0,0.66667,0.044444,0.77778,0.56296,113.48,105.89,128.56,106,-22.778,45.222,-22.444,128.56,0.1797,-2.0978,1
87,146,9,0,0,0.94444,0.61162,5.1111,4.7125,43.148,36.889,55.889,36.667,-18.778,38.222,-19.444,55.889,0.34745,-2.0818,1
166,154,9,0,0,0.11111,0.02963,0.44444,0.074074,0.7037,0.22222,1.8889,0,-1.4444,3.5556,-2.1111,1.8889,1,-2.0175,-1
8,39,9,0.11111,0,1.3889,1.1296,1.8333,0.7,113.37,102.56,132,105.56,-32.444,55.889,-23.444,132,0.22295,-2.1982,1
198,183,9,0,0,1.0556,1.1816,3.3889,1.5975,54.037,48.889,66.556,46.667,-15.444,37.556,-22.111,66.556,0.29862,-1.975,1
140,25,9,0,0,1,1.4667,1.1111,0.11852,128,117.78,142.33,123.89,-30.667,43,-12.333,142.33,0.1725,-2.3546,1
69,139,9,0,0,2.8333,1.7733,2.1111,1.6689,18.074,16,22.556,15.667,-6.2222,13.444,-7.2222,23.889,0.38661,-1.7028,1
236,117,9,0,0,0.77778,0.40369,1.2778,0.74287,45.889,39.556,58.444,39.667,-19,37.667,-18.667,58.444,0.33048,-2.0995,1
169,102,9,0,0,1,0.35555,0.88889,0.2963,58.222,53.444,69.667,51.556,-14.333,34.333,-20,69.667,0.25976,-1.9856,1
58,122,9,0,0,2.0556,2.2153,6.1111,3.016,34.185,29.222,44.333,29,-14.889,30.444,-15.556,44.333,0.34965,-2.0748,1
37,167,9,0,0,0.88889,0.56296,7.5556,4.6074,14.074,11.667,16.778,13.778,-7.2222,8.1111,-0.88889,17.667,0.31451,-3.0151,1
88,180,9,0,0,1.5,0.9369,3.8333,2.8887,50.407,45.222,62.333,43.667,-15.556,35.778,-20.222,62.333,0.30092,-2.0087,1
211,154,9,0,0,0.11111,0.02963,0.38889,0.062963,0.25926,0,0.77778,0,-0.77778,1.5556,-0.77778,0.77778,0.55556,-2.0944,-1
85,223,9,0.11111,0,1.7778,1.047,1.9444,1.5117,14.741,12.667,11.556,20,-6.2222,-9.5556,15.778,20,0.42312,1.9665,1
110,182,9,0,0,2.3889,1.794,2.5556,1.5587,46.37,42.667,56.333,40.111,-11.111,29.889,-18.778,56.333,0.28765,-1.93,1
121,102,9,0.11111,0,2.9444,1.8549,1.2222,0.86066,51.667,47.111,62.333,45.556,-13.667,32,-18.333,62.333,0.2694,-1.9949,1
142,119,9,0,0,5.2778,0.85418,1.0556,0.61162,45.63,40.667,56,40.222,-14.889,31.111,-16.222,56,0.28077,-2.064,1
20,122,9,0,0,1.5556,1.1863,1.7778,1.4857,60.741,51.556,78.222,52.444,-27.556,52.444,-24.889,78.222,0.34236,-2.1284,1
189,141,9,0,0,0,0,0,0,0,0,0,0,0,0,0,0,0,0,-1
223,185,9,0,0,0.5,0.3496,2.3889,2.0808,12.963,11.556,9.7778,17.556,-4.2222,-9.5556,13.778,17.556,0.44542,1.8388,1
252,195,9,0,0,2.6111,2.0914,3.7222,2.2052,47.667,42.444,58.778,41.778,-15.667,33.333,-17.667,58.778,0.28879,-2.0517,1
242,148,9,0,0,0,0,0,0,0,0,0,0,0,0,0,0,0,0,-1
77,185,9,0,0,2.9444,7.663,6.2222,32.119,32.556,29.222,39.667,28.778,-10,21.333,-11.333,39.667,0.27036,-2.0853,1
41,75,9,0,0.11111,15.389,19.136,26.611,31.714,55,47.444,65.444,52.111,-22.667,31.333,-8.6667,65.444,0.2978,-2.3568,1
147,87,9,0,0,6.8333,6.619,1.5556,1.6953,43.333,37.889,54.889,37.222,-16.333,34.667,-18.333,54.889,0.31971,-2.0504,1
182,186,9,0.11111,0,3.6667,2.044,1.7778,1.2413,48.444,43.778,59.889,41.667,-14,34.333,-20.333,59.889,0.30452,-1.9731,1
62,223,9,0,0,2.5,5.7222,1.6667,2.4444,6.6667,4.8889,4.6667,10.444,-5.3333,-6,11.333,10.444,0.59315,2.0466,1
116,184,9,0,0,2.2222,2.1185,10.611,45.085,31.704,28.778,38,28.333,-8.7778,18.889,-10.111,38.333,0.25072,-2.2155,1
23,25,9,0,0,1.1111,0.75031,0.61111,0.64693,70.444,60.667,89,61.667,-29.333,55.667,-26.333,89,0.31819,-2.1304,1
207,115,9,0,0,1.0556,0.32963,0.16667,0.033333,1.2222,0.44444,2.8889,0.33333,-2.3333,5,-2.6667,2.8889,0.93333,-2.0655,-1
243,94,9,0,0,0.66667,0.31111,0.22222,0.02963,1.1852,0.22222,3.2222,0.11111,-2.8889,6.1111,-3.2222,3.2222,0.97778,-2.0712,-1
67,32,9,0,0,0.94444,1.0628,1.7778,1.3109,126.22,115.11,142.22,121.33,-33.333,48,-14.667,142.22,0.19063,-2.3337,1
79,154,9,0,0,1.1111,1.5852,0.16667,0.077778,0.74074,0.44444,1.5556,0.22222,-0.88889,2.4444,-1.5556,1.5556,0.28889,-1.9196,-1
226,90,9,0,0,0.77778,0.62063,0.38889,0.25092,7.1852,5.1111,12.111,4.3333,-6.2222,14.778,-8.5556,12.111,0.64102,-1.9895,-1
180,141,9,0,0,0.055556,0.13608,0.055556,0.13608,0.037037,0,0.11111,0,-0.11111,0.22222,-0.11111,0.11111,0.11111,-2.0944,-1
157,221,9,0,0,1.0556,0.64693,1.2222,0.62063,12.111,10.222,8.1111,18,-5.6667,-12,17.667,18,0.54918,1.8771,1
228,20,9,0,0,1.0556,0.49066,0.83333,0.75277,125,114,140.56,120.44,-33,46.667,-13.667,140.56,0.18889,-2.348,1
225,244,9,0,0,3.3889,2.1951,3,1.5202,12.259,10.333,9.3333,17.111,-5.7778,-8.7778,14.556,17.111,0.48015,1.9879,1
14,146,9,0.11111,0,0.88889,0.47407,1.1111,0.74074,10.593,8,15.667,8.1111,-7.7778,15.222,-7.4444,15.667,0.48786,-2.1089,1
32,158,9,0,0,0.94444,0.86296,0.83333,0.61111,7.963,6.3333,11.889,5.6667,-4.8889,11.778,-6.8889,11.889,0.52058,-1.9828,1
60,52,9,0,0,0.72222,0.5963,0.77778,0.74074,111.63,101,129.22,104.67,-31.889,52.778,-20.889,129.22,0.21838,-2.2297,1
65,176,9,0,0,2.8889,1.4707,1.5,1.169,49.741,45.222,61,43,-13.556,33.778,-20.222,61,0.29479,-1.9657,1
223,185,9,0,0,0.5,0.3496,2.3889,2.0808,12.963,11.556,9.7778,17.556,-4.2222,-9.5556,13.778,17.556,0.44542,1.8388,1
151,89,9,0,0,8.3889,4.5773,0.72222,0.38968,31.704,27.333,41,26.778,-13.111,27.889,-14.778,41,0.35127,-2.0465,1
200,147,9,0,0,0.22222,0.54433,0.44444,0.68853,0.2963,0.22222,0.44444,0.22222,-0.22222,0.44444,-0.22222,0.44444,0.11111,-2.0944,-1
80,87,9,0,0.11111,24.389,573,44.722,1386.3,67.444,58.778,79,64.556,-26,34.667,-8.6667,79,0.30628,-2.4221,1
5,210,9,0,0.11111,2.1667,1.67,4.4444,2.6134,51.296,45.444,64.333,44.111,-17.556,39.111,-21.556,64.333,0.31757,-2.0209,1
127,143,9,0,0,1.5,0.12222,0.88889,0.60741,4.1852,0.88889,9.4444,2.2222,-9.8889,15.778,-5.8889,9.4444,0.91538,-2.2574,1
103,195,9,0.11111,0,2.0556,1.5741,2.0556,3.7963,8.5185,6.3333,6.8889,12.333,-6.5556,-4.8889,11.444,12.333,0.50168,2.187,1
187,86,9,0,0,1.0556,1.0628,3.0556,2.5422,6.7037,4.6667,10.889,4.5556,-6.1111,12.556,-6.4444,10.889,0.59423,-2.0545,-1
170,62,9,0,0,0,0,0,0,0,0,0,0,0,0,0,0,0,0,-1
196,95,9,0,0,1.7222,1.1238,1.3333,1.2649,7.6296,6.7778,10.778,5.3333,-2.5556,9.4444,-6.8889,10.778,0.51257,-1.7493,-1
204,177,9,0,0,1.7778,10.696,8.3333,27.333,32.889,29,40.667,29,-11.667,23.333,-11.667,40.667,0.28109,-2.1008,1
219,80,9,0,0,1.2778,0.32963,0.66667,0.93333,39.704,36.333,48.222,34.556,-10.111,25.556,-15.444,48.222,0.28296,-1.9626,1
57,177,9,0,0,0.94444,0.55185,1.4444,1.7185,19.593,15.778,18.444,24.556,-11.444,-3.4444,14.889,24.556,0.35899,2.4133,1
199,220,9,0,0,1.1667,0.83333,0.88889,0.47407,6.6296,5.3333,5,9.5556,-3.8889,-4.8889,8.7778,9.5556,0.5039,2.0309,1
63,220,9,0,0,3.0556,15.263,3.6667,6.0889,8.1852,6.5556,6.4444,11.556,-4.8889,-5.2222,10.111,11.556,0.48672,2.0931,1
54,176,9,0,0,2.1111,0.68853,2.6667,2.6916,50.667,46,62.667,43.333,-14,36,-22,62.667,0.30857,-1.9514,1
187,89,9,0,0,3,1.6055,1.1111,1.0681,8.4444,6.3333,13,6,-6.3333,13.667,-7.3333,13,0.54854,-2.0439,-1
223,62,9,0,0,0.33333,0.29814,0.44444,0.50185,6.4444,4.1111,11.444,3.7778,-7,15,-8,11.444,0.67037,-2.0487,-1
153,78,9,0,0,9.3889,5.6703,2.9444,3.5177,30.296,27.111,37.444,26.333,-9.5556,21.444,-11.889,37.444,0.30021,-2.0178,1
4,189,9,0,0,2.0556,3.8852,11.722,114.6,26.444,23.444,33,22.889,-9,19.667,-10.667,33,0.27147,-2.101,1
229,102,9,0,0,0.88889,0.72008,7.9444,5.4259,42.778,37,54.444,36.889,-17.333,35,-17.667,54.444,0.31827,-2.0886,1
150,152,9,0,0,0.11111,0.02963,2.0556,3.5741,1.3704,1,2.3333,0.77778,-1.1111,2.8889,-1.7778,2.3333,0.53704,-2.0074,-1
26,90,9,0,0,0.61111,0.37408,1.2778,0.28519,113.11,105.67,128.33,105.33,-22.333,45.667,-23.333,128.33,0.18179,-2.0784,1
60,181,9,0.11111,0,1.6667,1.2,2.6667,2.0889,19.63,17.111,17.889,23.889,-7.5556,-5.2222,12.778,23.889,0.28569,2.1891,1
235,196,9,0,0,1.6667,1.3333,2.2222,1.1483,47.259,41.778,58.556,41.444,-16.444,33.889,-17.444,58.556,0.29424,-2.0746,1
13,191,9,0,0,3.5556,5.4074,7.7778,40.03,25.296,23.556,29.889,22.444,-5.2222,13.778,-8.5556,30.111,0.23711,-1.8583,1
112,90,9,0,0,7.3889,6.9456,1.2778,0.87981,65.185,57.667,79.778,58.111,-22.556,43.778,-21.222,79.778,0.27835,-2.1088,1
66,155,9,0,0,3.7222,21.796,7.7222,71.574,8.2593,5.8889,12.667,6.2222,-7.1111,13.222,-6.1111,12.667,0.30062,-2.1476,-1
1,81,9,0,0,12.167,267.46,9.2222,205.36,21.333,14,30.556,19.444,-22,27.667,-5.6667,30.556,0.59528,-2.4384,1
180,116,9,0,0,2.9444,1.6113,1.3333,0.8165,33.185,29.111,41.667,28.778,-12.222,25.444,-13.222,41.667,0.30946,-2.0681,1
223,150,9,0,0,0,0,0,0,0,0,0,0,0,0,0,0,0,0,-1
34,137,9,0,0,0.5,0.16667,1.1111,0.47407,5.8519,7.7778,6.4444,3.3333,5.7778,1.7778,-7.5556,7.7778,0.57363,-0.74427,1
103,64,9,0,0,0.66667,0.69921,1.3333,0.91894,108.78,96.333,126.22,103.78,-37.333,52.333,-15,126.22,0.2368,-2.3554,1
180,186,9,0.11111,0,1.5,1.7981,1.9444,1.7816,49.63,45,61.333,42.556,-13.889,35.111,-21.222,61.333,0.30616,-1.9581,1
202,193,9,0,0,1.1111,0.75031,3.3889,2.4892,41.704,37.889,50.667,36.556,-11.444,26.889,-15.444,50.667,0.27839,-1.993,1
16,190,9,0,0,3.7778,6.8741,8.5556,73.674,29.63,26.111,36.889,25.889,-10.556,21.778,-11.222,36.889,0.30039,-2.1607,1
191,165,9,0,0,0.33333,0.17778,2.4444,1.1407,14.296,12,14.111,16.778,-6.8889,-0.55556,7.4444,17.556,0.31813,2.5935,1
199,144,9,0,0,0.33333,0.5164,0.33333,0.36515,0.44444,0.11111,1.1111,0.11111,-1,2,-1,1.1111,0.74074,-2.0944,-1
104,103,9,0.11111,0,0.94444,0.53403,0.66667,0.59629,58.889,52.222,72.667,51.778,-20,41.333,-21.333,72.667,0.28739,-2.0711,1
139,95,9,0,0,3.6111,2.5247,7.0556,5.7249,46.852,42.889,56.333,41.333,-11.889,28.444,-16.556,56.333,0.26457,-1.9708,1
226,144,9,0,0,0,0,0,0,0,0,0,0,0,0,0,0,0,0,-1
160,110,9,0,0,0.83333,0.69121,0.44444,0.27217,31.63,27.222,39.333,28.333,-13.222,23.111,-9.8889,39.333,0.30744,-2.1872,-1
86,197,9,0.11111,0.11111,1.6111,1.4517,1.2778,1.1039,63.222,56.222,77.778,55.667,-21,43.667,-22.667,77.778,0.28533,-2.068,1
193,125,9,0,0,5.0556,2.551,1.9444,1.8787,37.444,32.333,47.556,32.444,-15.333,30.333,-15,47.556,0.32183,-2.1007,1
103,216,9,0,0,0.88889,0.65185,2.1667,1.1444,14.556,10.889,13.667,19.111,-11,-2.6667,13.667,19.111,0.4317,2.4475,1
177,190,9,0,0,0.94444,0.82776,1.3889,0.95258,52.407,47.333,64.556,45.333,-15.222,36.444,-21.222,64.556,0.29773,-1.9859,1
9,171,9,0,0,1.5,1.0055,2.7778,1.642,45.926,41,57.222,39.556,-14.778,33.889,-19.111,57.222,0.30794,-2.0107,1
202,63,9,0,0,0.38889,0.32773,0.44444,0.27217,6.0741,4,10.556,3.6667,-6.2222,13.444,-7.2222,10.556,0.65354,-2.0446,-1
227,195,9,0.11111,0,2.5,2.2386,3.5,2.8887,47.741,42.778,58.556,41.889,-14.889,32.444,-17.556,58.556,0.28449,-2.039,1
63,179,9,0,0,0.66667,0.22222,1.5556,0.56296,11.815,9.7778,9.4444,16.222,-6.1111,-7.1111,13.222,16.222,0.41976,2.0446,1
141,17,9,0.11111,0.22222,3.7222,4.4493,5,2.319,44.593,40.333,54,39.444,-12.778,28.222,-15.444,54,0.26819,-2.03,1
223,62,9,0,0,0.33333,0.29814,0.44444,0.50185,6.4444,4.1111,11.444,3.7778,-7,15,-8,11.444,0.67037,-2.0487,-1
188,190,9,0,0,1.9444,0.97563,2.0556,1.1039,48.889,44.222,60,42.444,-14,33.333,-19.333,60,0.29231,-1.9863,1
142,111,9,0,0,1.1111,0.45542,0.55556,0.34426,28.741,24.556,35.889,25.778,-12.556,21.444,-8.8889,35.889,0.31548,-2.2027,-1
107,226,9,0,0,1.5556,3.0963,3.5556,2.563,7.8519,5.7778,6.5556,11.222,-6.2222,-3.8889,10.111,11.222,0.52688,2.2594,1
200,250,9,0,0,2.2778,1.4207,1.4444,1.0256,9.2222,6.5556,7.3333,13.778,-8,-5.6667,13.667,13.778,0.56339,2.1929,1
222,62,9,0,0,0.27778,0.25092,0.66667,0.55777,6.4074,4.1111,11.444,3.6667,-6.8889,15.111,-8.2222,11.444,0.68081,-2.0342,-1
151,101,9,0,0,9.6111,6.5368,0.5,0.3496,31.185,27.222,39.444,26.889,-11.889,24.778,-12.889,39.444,0.32729,-2.0584,1
169,186,9,0,0.22222,2.3333,1.66,5.5,2.5188,49.444,44.667,61.111,42.556,-14.333,35,-20.667,61.111,0.30345,-1.9744,1
121,154,9,0,0,0.44444,0.11852,2.6111,5.7519,1.8519,1.5556,3,1,-0.88889,3.4444,-2.5556,3,0.53439,-1.9059,-1
167,57,9,0,0,0.94445,0.37407,0.77778,0.6963,98.593,84,121.56,90.222,-43.778,68.889,-25.111,121.56,0.30881,-2.2644,1
41,101,9,0,0,1.7222,0.92896,2.0556,1.5552,64.37,56.889,79.444,56.778,-22.444,45.222,-22.778,79.444,0.28936,-2.0896,1
164,45,9,0,0,1.0556,0.5963,1,0.22222,101.93,88.111,124.56,93.111,-41.444,67.889,-26.444,124.56,0.2925,-2.2383,1
124,162,9,0.11111,0,1.3889,1.1296,2,0.88889,10.037,8,14.556,7.5556,-6.1111,13.556,-7.4444,14.556,0.47993,-2.0293,1
93,29,9,0,0,1.2222,1.2296,1.3889,1.5741,128.48,119,142.78,123.67,-28.444,42.889,-14.444,142.78,0.16648,-2.2978,1
186,173,9,0,0,1.4444,0.82963,2.1111,1.9852,17.148,13.556,15.556,22.333,-10.778,-4.7778,15.556,22.333,0.39643,2.3327,1
86,155,9,0,0,4.2778,10.552,5.3889,60.241,8.7407,6.6667,12.889,6.6667,-6.2222,12.444,-6.2222,12.889,0.39239,-2.0793,-1
223,161,9,0,0,1.3889,3.0407,9,31.022,42.037,36,52.222,37.889,-18.111,30.556,-12.444,52.222,0.30842,-2.2823,1
138,133,9,0,0,0.66667,0.44444,1.1667,0.21111,6.4444,7.7778,7.8889,3.6667,4,4.3333,-8.3333,8.2222,0.5582,-1.0777,1
145,102,9,0,0,0.88889,0.60741,2.6111,1.4852,23.074,22.111,29.778,17.333,-2.8889,20.111,-17.222,29.778,0.41776,-1.6854,1
200,189,9,0,0,1.1111,1.0887,3.1667,1.0055,49.667,45.111,60.889,43,-13.667,33.667,-20,60.889,0.29381,-1.9732,1
185,186,9,0,0,2.1667,1.8589,3,1.3499,48.222,44,58.889,41.778,-12.667,32,-19.333,58.889,0.29043,-1.956,1
128,161,9,0,0,0.55556,0.25185,0.77778,0.16296,7.1481,5.5556,10.889,5,-4.7778,11.222,-6.4444,10.889,0.54092,-1.9963,1
167,189,9,0,0,3.7778,2.2377,3.7778,1.5444,58.407,51.333,72.444,51.444,-21.222,42.111,-20.889,72.444,0.29552,-2.1013,1
200,13,9,0,0,1.7778,1.8579,0.27778,0.25092,9.2963,6.1111,15.889,5.8889,-9.5556,19.778,-10.222,15.889,0.63274,-2.0741,-1
217,195,9,0,0,4.2222,3.2841,2.3889,2.102,45.074,39.667,55.556,40,-16.222,31.444,-15.222,55.556,0.29296,-2.1186,1
189,187,9,0,0,1.2222,1.0037,3.0556,2.389,48.519,44.111,59.889,41.556,-13.222,34.111,-20.889,59.889,0.30575,-1.9475,1
74,129,9,0,0,0.22222,0.02963,0.11111,0.02963,0.51852,0,1.5556,0,-1.5556,3.1111,-1.5556,1.5556,1,-2.0944,1
190,188,9,0,0,2,1.5635,2.2778,1.7816,49.704,44.667,61.778,42.667,-15.111,36.222,-21.111,61.778,0.30924,-1.9846,1
234,194,9,0,0.22222,1.4444,1.9513,3.8333,3.0894,48.63,43,60.333,42.556,-16.889,35.111,-18.222,60.333,0.29837,-2.0719,1
251,195,9,0,0,2.9444,2.8784,3.8333,2.3547,47.926,42.556,59.222,42,-16.111,33.889,-17.778,59.222,0.29187,-2.0567,1
140,34,9,0,0,0.5,0.12222,0.88889,0.20741,105.48,91.222,127.33,97.889,-42.778,65.556,-22.778,127.33,0.28352,-2.2866,1
179,101,9,0,0,0.44445,0.38519,0.61111,0.32963,134.93,126.44,147.22,131.11,-25.444,36.889,-11.444,147.22,0.14111,-2.3287,1
147,182,9,0,0,2.2778,1.7051,2.9444,1.5975,43.593,40.333,52.556,37.889,-9.7778,26.889,-17.111,52.556,0.27867,-1.9192,1
90,189,9,0,0,0.88889,0.77936,1.0556,0.82776,12.889,10.444,9.4444,18.778,-7.3333,-10.333,17.667,18.778,0.4971,1.9856,1
16,246,9,0.11111,0,2.3889,1.0852,1.7222,1.7519,9.4074,9.5556,10.111,8.5556,0.44444,2.1111,-2.5556,10.333,0.16335,-1.1906,1
133,182,9,0,0,2.5,5.4556,8.6667,71.244,29.778,27.222,35.444,26.667,-7.6667,17,-9.3333,35.889,0.25608,-2.2177,1
224,124,9,0,0,1.5556,1.2939,1.8889,1.1863,43.519,36.778,56.333,37.444,-20.222,38.444,-18.222,56.333,0.34802,-2.1278,1
225,36,9,0,0,0.44444,0.27217,0.38889,0.32773,7.9259,5,13.667,5.1111,-8.7778,17.222,-8.4444,13.667,0.63492,-2.1073,-1
177,85,9,0,0,0.83333,0.16667,0.88889,0.42963,93.556,79.222,118,83.444,-43,73.333,-30.333,118,0.3286,-2.2084,1
114,129,9,0.11111,0,2.0556,1.1434,0.77778,0.88611,62.407,54.222,78,55,-24.556,46.778,-22.222,78,0.30598,-2.127,1
219,176,9,0,0.11111,2.1111,1.8579,5.1111,2.8415,60.296,53.333,75.667,51.889,-20.889,46.111,-25.222,75.667,0.31446,-2.0306,1
135,185,9,0.11111,0,2.2222,2.81,2.2778,1.2896,47.963,44.111,57.333,42.444,-11.556,28.111,-16.556,57.333,0.25919,-1.9821,1
160,41,9,0,0,0.83333,0.80966,0.22222,0.17213,0.7037,0.55556,1.2222,0.33333,-0.44444,1.5556,-1.1111,1.2222,0.53704,-1.8451,-1
24,172,9,0,0,1.1667,0.91287,9.7778,5.4555,42.037,38,50.333,37.778,-12.111,24.889,-12.778,50.333,0.24984,-2.1437,1
130,189,9,0,0,0.88889,0.34074,1.1667,0.92222,12,9.4444,10.111,16.444,-7.6667,-5.6667,13.333,16.444,0.43944,2.1941,1
105,193,9,0,0,3.2222,1.9052,2.8889,2.1773,60.111,53.111,75.111,52.111,-21,45,-24,75.111,0.30847,-2.0478,1
238,180,9,0.11111,0,0.55556,0.34074,1.7222,1.663,13.593,11.111,11.889,17.778,-7.4444,-5.1111,12.556,17.778,0.37625,2.2129,1
22,125,9,0,0,2.2778,1.8064,2.4444,1.3444,58.222,50.222,73.778,50.667,-24,46.667,-22.667,73.778,0.32391,-2.1127,1
248,153,9,0,0,0.27778,0.062963,0.11111,0.02963,0.37037,0,1.1111,0,-1.1111,2.2222,-1.1111,1.1111,0.88889,-2.0944,-1
33,149,9,0,0,0.55556,0.25185,0.72222,0.15185,5.4444,4.1111,8.6667,3.5556,-4,9.6667,-5.6667,8.6667,0.57834,-1.9857,1
27,248,9,0.11111,0,1.6111,0.64693,3.1667,1.7224,15.296,14.778,12.889,18.222,-1.5556,-7.2222,8.7778,18.222,0.31223,1.7835,1
143,24,9,0,0,1.2778,0.90741,0.88889,1.1407,127.63,117.67,141.67,123.56,-29.889,42.111,-12.222,141.67,0.1694,-2.3493,1
208,34,9,0,0,1.7222,1.731,0.44444,0.50185,14.444,10.778,21,11.556,-11,19.667,-8.6667,21,0.47996,-2.1624,-1
28,188,9,0,0,1.4444,1.4963,5.1111,19.007,29.963,26.889,36.444,26.556,-9.2222,19.444,-10.222,36.444,0.27586,-2.0836,1
101,121,9,0.11111,0,0.66667,0.84327,1.5,0.88819,3.4074,1.1111,6,3.1111,-6.8889,7.7778,-0.88889,6,0.84352,-2.5192,1
74,64,9,0,0,1.8333,1.2065,2,1.1155,56.593,49.667,71,49.111,-20.778,43.222,-22.444,71,0.313,-2.0672,1
171,89,9,0,0,0,0,0,0,0,0,0,0,0,0,0,0,0,0,-1
83,133,9,0.11111,0,2.3333,2.1396,1.1667,1.0698,48.667,41.556,62.556,41.889,-21.333,41.667,-20.333,62.556,0.33915,-2.1118,1
34,13,9,0,0,0.22222,0.17213,1.5556,0.54433,70.37,60.667,88.111,62.333,-29.111,53.222,-24.111,88.111,0.31144,-2.155,1
40,35,9,0,0,0.72222,0.25092,1.0556,0.64693,69.444,61.778,85.333,61.222,-23,47.667,-24.667,85.333,0.28749,-2.0742,1
227,132,9,0,0,6.6667,1.3824,1.3333,1.011,38.778,33.222,49.222,33.889,-16.667,31.333,-14.667,49.222,0.32577,-2.1295,1
191,119,9,0,0,1.1111,1.2939,0.94445,0.7722,39.852,36.222,48.222,35.111,-10.889,25.111,-14.222,48.222,0.27172,-2.006,1
182,135,9,0,0,4.2222,1.1287,1.1111,1.0256,32.704,28.556,41,28.556,-12.444,24.889,-12.444,41,0.30882,-2.0932,1
152,83,9,0,0,4.4444,1.3278,0.94444,0.68041,26.519,23.333,33.222,23,-9.5556,20.111,-10.556,33.222,0.30741,-2.0632,1
147,125,9,0,0,6.3889,3.9238,1.3333,0.76012,43.222,37.222,55,37.444,-18,35.333,-17.333,55,0.32464,-2.0965,1
189,48,9,0,0,0.72222,0.38968,4.6667,4.305,42.074,38.778,49.889,37.556,-9.8889,23.444,-13.556,49.889,0.24524,-2.0033,1
157,20,9,0,0,1.3333,0.76012,4.9444,4.4792,35.481,32,42.778,31.667,-10.444,21.889,-11.444,42.778,0.26196,-2.0452,1
75,65,9,0,0,2.5,1.1106,1.5556,0.93492,57.741,50.444,72.667,50.111,-21.889,44.778,-22.889,72.667,0.31478,-2.0776,1
104,147,9,0,0.11111,3.1111,2.1875,4.6667,2.5991,49.778,43.778,62.444,43.111,-18,38,-20,62.444,0.30911,-2.0564,1
47,121,9,0,0,0.88889,1.0256,4.8889,3.2088,53.667,46.889,66.889,47.222,-20.333,39.667,-19.333,66.889,0.30067,-2.1102,1
162,159,9,0,0,2.1667,0.96032,2.2222,1.4555,26.111,25.222,29.556,23.556,-2.6667,10.333,-7.6667,29.556,0.20285,-1.8026,1
18,43,9,0,0,1.8889,1.7722,1.5556,1.2232,64.704,54.889,82.556,56.667,-29.444,53.556,-24.111,82.556,0.33512,-2.1606,1
19,133,9,0,0,0,0,0,0,0,0,0,0,0,0,0,0,0,0,1
59,120,9,0,0,2.1667,1.9861,1.4444,1.8698,19.074,10.556,33.111,13.556,-25.556,42.111,-16.556,33.111,0.68127,-2.2313,1
81,145,9,0,0.11111,4.5556,4.5346,7.5,6.1128,13.444,9.8889,20.111,10.333,-10.667,20,-9.3333,20.111,0.53273,-2.0623,1
108,146,9,0,0,0,0,0,0,0,0,0,0,0,0,0,0,0,0,1
18,66,9,0,0,8.6667,9.0897,10.944,5.2891,39.889,32.333,49.556,37.778,-22.667,29,-6.3333,49.556,0.35017,-2.4306,1
33,98,9,0,0,0.61111,0.61162,1.3333,0.91894,2.037,0.55556,3.5556,2,-4.4444,4.5556,-0.11111,3.5556,0.88333,-2.5489,1
14,136,9,0,0,0,0,0,0,0,0,0,0,0,0,0,0,0,0,1
98,126,9,0,0,1.0556,0.71233,0.94444,0.49065,2.7778,0.55556,5.2222,2.5556,-6.6667,7.3333,-0.66667,5.2222,0.90899,-2.5365,1
90,122,9,0.11111,0,1.6667,1.3984,1.1667,0.69121,16.185,10.222,25.333,13,-17.889,27.444,-9.5556,25.333,0.58474,-2.2473,1
67,136,9,0,0,6.7222,3.7083,2.6667,3.1972,15.519,9,25.333,12.222,-19.556,29.444,-9.8889,25.333,0.66081,-2.3075,1
91,120,9,0,0,1.3889,0.92896,0.61111,0.7722,16.852,11.222,25.778,13.556,-16.889,26.778,-9.8889,25.778,0.56216,-2.2308,1
20,70,9,0,0,11.5,8.768,7.9444,6.9167,18.593,13.667,23.889,18.222,-14.778,15.889,-1.1111,23.889,0.47688,-2.5891,1
10,112,9,0,0,0.33333,0.42164,0.5,0.18257,0.44444,0,1.2222,0.11111,-1.3333,2.3333,-1,1.2222,0.66667,-2.1519,1
35,107,9,0,0,10.222,14.968,9.8333,17.547,9.5185,7.3333,12.222,9,-6.5556,8.1111,-1.5556,12.222,0.67496,-2.493,1
45,126,9,0,0,7,3.8701,2.5556,1.7971,10.185,4.8889,17.222,8.4444,-15.889,21.111,-5.2222,17.222,0.73643,-2.4498,1
64,114,9,0,0,5.1667,6.3202,8.8333,8.6686,29.815,18.333,47.222,23.889,-34.444,52.222,-17.778,47.222,0.62925,-2.2954,1
18,70,9,0,0.11111,9.4444,5.8979,9.9444,6.9488,21.037,16.222,26.667,20.222,-14.444,16.889,-2.4444,26.667,0.41584,-2.5142,1
93,127,9,0,0,1.1111,0.83444,1,0.78881,3.8148,1.3333,6.7778,3.3333,-7.4444,8.8889,-1.4444,6.7778,0.82725,-2.4746,1
45,108,9,0,0.11111,25.5,12.795,27.278,15.931,49.815,41.778,61.111,46.556,-24.111,33.889,-9.7778,61.111,0.35898,-2.3605,1
17,98,9,0.11111,0,0.72222,0.71233,0.66667,0.7303,1.5185,0.33333,2.8889,1.3333,-3.5556,4.1111,-0.55556,2.8889,0.91667,-2.4238,1
25,138,9,0.11111,0,1.2778,1.1434,0.72222,0.49065,5.1852,2,9.3333,4.2222,-9.5556,12.444,-2.8889,9.3333,0.79001,-2.4068,1
68,122,9,0,0,2.7778,2.0294,1.5556,1.9963,20.148,14.222,31.111,15.111,-17.778,32.889,-15.111,31.111,0.54583,-2.0602,1
88,136,9,0,0,1.8333,1.1499,2.0556,2.1126,8,4.1111,13.222,6.6667,-11.667,15.667,-4,13.222,0.69509,-2.4127,1
83,126,9,0,0,0.72222,0.53403,0.94444,0.57413,11.185,5.2222,20,8.3333,-17.889,26.444,-8.5556,20,0.73926,-2.3135,1
86,140,9,0,0,5.4444,4.7687,3.0556,2.6784,9.9259,6,15.111,8.6667,-11.778,15.556,-3.7778,15.111,0.62794,-2.4178,1
69,139,9,0,0,2.8333,1.7733,2.1111,1.6689,18.074,16,22.556,15.667,-6.2222,13.444,-7.2222,23.889,0.38661,-1.7028,1
76,138,9,0,0.22222,3.2222,3.8797,5.5,2.429,16.519,9.8889,24.778,14.889,-19.889,24.778,-4.8889,24.778,0.60922,-2.4395,1
17,108,9,0,0,1.2778,0.64693,1.1667,0.91287,1.8519,0.55556,3.3333,1.6667,-3.8889,4.4444,-0.55556,3.3333,0.87593,-2.4639,1
47,119,9,0.11111,0,2.2778,2.2747,1.3333,1.3824,4.3704,2.1111,6.7778,4.2222,-6.7778,7.2222,-0.44444,6.7778,0.73293,-2.5872,1
9,131,9,0,0,0,0,0,0,0,0,0,0,0,0,0,0,0,0,1
14,95,9,0,0,1.3333,0.69921,1.1111,0.62063,2.2593,0.66667,3.8889,2.2222,-4.7778,4.8889,-0.11111,3.8889,0.87407,-2.5527,1
188,42,9,0,0,0.77778,0.54433,1.6667,1.2649,108.93,95.667,126.22,104.89,-39.778,51.889,-12.111,126.22,0.24193,-2.4104,1
112,77,9,0,0,0.94445,0.57413,1.1667,0.80967,107.63,93.889,125.22,103.78,-41.222,52.778,-11.556,125.22,0.25014,-2.4247,1
121,82,9,0,0,0.55556,0.34427,0.61111,0.44305,106.52,92.889,125.89,100.78,-40.889,58.111,-17.222,125.89,0.26209,-2.3449,1
77,36,9,0,0,0.55556,0.17214,1.0556,0.64693,111.93,98.222,130.33,107.22,-41.111,55.222,-14.111,130.33,0.24634,-2.3874,1
178,16,9,0,0,0.33333,0.29814,1.5,1.2065,112.96,99.556,131,108.33,-40.222,54.111,-13.889,131,0.2399,-2.385,1
92,104,9,0,0,1.7222,1.4363,1.8333,1.3784,100.52,87.222,119.89,94.444,-39.889,58.111,-18.222,119.89,0.2724,-2.3262,1
53,78,9,0.11111,0,1.2222,1.0256,2.6667,2.2901,106.85,93.222,125.67,101.67,-40.889,56.444,-15.556,125.67,0.25818,-2.3681,1
155,20,9,0,0,0.61111,0.32773,0.61111,0.32773,111.7,98.444,129.56,107.11,-39.778,53.556,-13.778,129.56,0.24011,-2.3852,1
79,58,9,0,0,1.0556,0.53403,1.0556,0.68041,109.07,96.333,126.44,104.44,-38.222,52.111,-13.889,126.44,0.23814,-2.3752,1
84,86,9,0,0,0.83333,0.69121,1.1667,0.69121,105.78,92.889,124.11,100.33,-38.667,55,-16.333,124.11,0.25155,-2.3438,1
220,39,9,0.11111,0,0.66667,0.7303,1.3333,1.3333,113,99.444,131.11,108.44,-40.667,54.333,-13.667,131.11,0.24146,-2.3936,1
58,25,9,0,0,0.77778,0.50185,0.38889,0.32773,112.22,97.778,131.33,107.56,-43.333,57.333,-14,131.33,0.25541,-2.3969,1
19,28,9,0,0,1.1667,1.278,1.1111,1.1863,111.52,96.111,131.22,107.22,-46.222,59.111,-12.889,131.22,0.26754,-2.426,1
67,40,9,0,0,0.66667,0.5164,0.66667,0.6992,110.04,95.333,129,105.78,-44.111,56.889,-12.778,129,0.26097,-2.4195,1
11,50,9,0.11111,0,1.7778,1.0037,1.1111,0.91084,109.26,93.889,130.33,103.56,-46.111,63.222,-17.111,130.33,0.2797,-2.372,1
103,64,9,0,0,0.66667,0.69921,1.3333,0.91894,108.78,96.333,126.22,103.78,-37.333,52.333,-15,126.22,0.2368,-2.3554,1
76,19,9,0,0,0.94444,0.44305,0.88889,0.58373,114.26,101,132.33,109.44,-39.778,54.222,-14.444,132.33,0.23673,-2.376,1
162,14,9,0,0,0.94445,0.53403,0.61111,0.71233,112.74,99,130.67,108.56,-41.222,53.778,-12.556,130.67,0.24229,-2.409,1
104,41,9,0,0,0.38889,0.32773,0.83333,0.5869,112.11,99,129.33,108,-39.333,51.667,-12.333,129.33,0.23449,-2.4046,1
207,58,9,0,0,0.77778,0.34427,0.88889,0.58373,110.37,97.667,128.11,105.33,-38.111,53.222,-15.111,128.11,0.23757,-2.3573,1
174,50,9,0,0,1,0.76012,0.94445,0.95258,107.44,94.667,125.78,101.89,-38.333,55,-16.667,125.78,0.24734,-2.3373,1
44,79,9,0,0,0.44444,0.34426,0.77778,0.40369,107.74,93.889,126.56,102.78,-41.556,56.444,-14.889,126.56,0.25808,-2.378,1
156,181,9,0,0,0.5,0.3496,1.5,0.50553,11.667,9,9.7778,16.222,-8,-5.6667,13.667,16.222,0.44598,2.2066,1
34,242,9,0,0,1.6111,1.6387,2.4444,1.1089,14.815,11.333,15.667,17.444,-10.444,2.5556,7.8889,17.444,0.35316,2.8356,1
46,238,9,0,0,1.0556,0.82776,2.1667,1.8227,13.259,9.6667,12.667,17.444,-10.778,-1.7778,12.556,17.444,0.44551,2.5082,1
91,247,9,0,0,2.6667,1.2472,2.2222,1.4247,12.63,9.5556,12.444,15.889,-9.2222,-0.55556,9.7778,15.889,0.40183,2.5531,1
144,169,9,0,0,1.1111,0.77936,1.3889,0.74287,17.111,13.444,18,19.889,-11,2.6667,8.3333,19.889,0.32497,2.8348,1
230,162,9,0,0,1.6667,1.075,0.94444,0.57413,17.333,13.778,15.889,22.333,-10.667,-4.3333,15,22.333,0.38252,2.3504,1
210,232,9,0,0,1.8333,1.2065,1.5,1.7224,8.8148,6.5556,7.2222,12.667,-6.7778,-4.7778,11.556,12.667,0.49139,2.2013,1
10,196,9,0,0,1.2222,1.047,1,0.84327,15.333,14.111,11.444,20.444,-3.6667,-11.667,15.333,20.444,0.44058,1.7892,1
238,162,9,0.22222,0,0.94444,0.71233,2.6667,0.7303,19,15.778,17.333,23.889,-9.6667,-5,14.667,23.889,0.34003,2.2914,1
212,239,9,0,0,1.9444,1.4517,2.3333,2.8206,10.37,7.6667,9.6667,13.778,-8.1111,-2.1111,10.222,13.778,0.44597,2.4264,1
252,181,9,0,0,1,0.63246,2.0556,2.0376,16.296,13.556,13.889,21.444,-8.2222,-7.2222,15.444,21.444,0.38556,2.1414,1
154,249,9,0,0,3.5,2.307,4.5556,3.5382,18,14.667,15.667,23.667,-10,-7,17,23.667,0.3984,2.215,1
23,219,9,0,0,1.5,1.0055,1.7222,0.92896,13.37,10.889,12,17.222,-7.4444,-4.1111,11.556,17.222,0.37191,2.2553,1
196,241,9,0,0,1.5556,1.1287,1.1667,1.2065,8.2593,5.8889,7,11.889,-7.1111,-3.7778,10.889,11.889,0.50946,2.2774,1
244,193,9,0,0,2.0556,2.2253,3.8889,3.6311,16.185,13.333,14.222,21,-8.5556,-5.8889,14.444,21,0.37887,2.2221,1
140,161,9,0,0,0.27778,0.32773,0.77778,0.62063,15.741,12.444,14.333,20.444,-9.8889,-4.2222,14.111,20.444,0.39096,2.3451,1
132,223,9,0,0,2.1111,0.72008,1.7778,0.93492,16.519,13.222,13.444,22.889,-9.8889,-9.2222,19.111,22.889,0.43313,2.1195,1
222,189,9,0,0,0.83333,1.0055,1,1.1926,17.296,14.556,14.111,23.222,-8.2222,-9.5556,17.778,23.222,0.41042,2.0604,1
185,84,9,0,0,0.61111,0.49065,0.5,0.45947,23.259,18.667,31.333,19.778,-13.778,24.222,-10.444,31.333,0.4041,-2.1849,-1
183,139,9,0,0,0.16667,0.18257,0.22222,0.27217,1.3704,0.88889,3.2222,0,-1.4444,5.5556,-4.1111,3.2222,1,-1.8031,-1
227,109,9,0,0,1.1667,0.98319,0.38889,0.38968,21.852,18.444,28.778,18.333,-10.222,20.778,-10.556,28.778,0.36714,-2.0828,-1
170,88,9,0,0,0.72222,0.38968,0.83333,0.45947,22.333,18.222,29.333,19.444,-12.333,21,-8.6667,29.333,0.37862,-2.2083,-1
170,113,9,0,0,2.8333,0.62361,1.2222,0.68853,28.333,24.333,34.889,25.778,-12,19.667,-7.6667,34.889,0.30207,-2.2363,-1
161,138,9,0,0,0.22222,0.17213,0.22222,0.27217,1.2222,0.44444,3.2222,0,-2.3333,6,-3.6667,3.2222,1,-1.9492,-1
177,130,9,0,0,0.055556,0.13608,0.22222,0.27217,1.1852,0.66667,2.8889,0,-1.5556,5.1111,-3.5556,2.8889,1,-1.8612,-1
206,133,9,0,0,0.055556,0.13608,0.055556,0.13608,0.37037,0,1.1111,0,-1.1111,2.2222,-1.1111,1.1111,1,-2.0944,-1
233,105,9,0,0,6.2778,2.3134,0.94444,0.74287,15.185,12.667,19.778,13.111,-7.5556,13.778,-6.2222,19.778,0.35377,-2.1616,-1
157,85,9,0,0,1.2222,1.2413,0.22222,0.17213,18.926,14.556,26.889,15.333,-13.111,23.889,-10.778,26.889,0.45902,-2.1609,-1
219,80,9,0,0,2.0556,2.9015,2.9444,1.0835,14.481,11.333,20.333,11.778,-9.4444,17.556,-8.1111,20.333,0.43286,-2.1389,-1
163,131,9,0,0,0.16667,0.18257,0.27778,0.25092,1.5556,0.88889,3.6667,0.11111,-2,6.3333,-4.3333,3.6667,0.97222,-1.871,-1
252,137,9,0,0,0.88889,0.54433,0.61111,0.71233,0.74074,0.33333,1.7778,0.11111,-1.2222,3.1111,-1.8889,1.7778,0.75,-2.0076,-1
142,111,9,0,0,1.1111,0.45542,0.55556,0.34426,28.741,24.556,35.889,25.778,-12.556,21.444,-8.8889,35.889,0.31548,-2.2027,-1
166,135,9,0,0,0.44444,0.27217,0.22222,0.40369,1.4074,0.77778,3.3333,0.11111,-1.8889,5.7778,-3.8889,3.3333,0.97222,-1.8807,-1
226,131,9,0,0,0,0,0,0,0,0,0,0,0,0,0,0,0,0,-1
228,90,9,0,0,1.8333,2.2086,2.2222,2.4646,16.852,12.889,24.444,13.222,-11.889,22.778,-10.889,24.444,0.47555,-2.1227,-1
140,73,9,0,0,1.7222,0.82776,0.77778,1.0037,46.296,45.667,51.111,42.111,-1.8889,14.444,-12.556,51.111,0.17616,-1.6816,1
187,120,9,0,0,2.2222,2.0834,1.2778,0.64693,60.037,56.889,69.333,53.889,-9.4444,27.889,-18.444,69.333,0.22281,-1.893,1
179,69,9,0,0,0.72222,0.49065,0.94444,0.74287,40.667,40.889,44.556,36.556,0.66667,11.667,-12.333,44.556,0.17869,-1.5188,1
212,68,9,0.11111,0,2.8889,2.0834,1.8333,0.9369,37.963,37.556,41.667,34.667,-1.2222,11.111,-9.8889,41.667,0.16791,-1.6596,1
166,66,9,0,0,0.77778,0.65546,5.2778,4.9595,41.63,40.556,46.333,38,-3.2222,14.111,-10.889,46.333,0.17887,-1.7485,1
155,127,9,0,0,2.1667,1.7095,15.389,4.1442,36.519,35.889,41,32.667,-1.8889,13.444,-11.556,41,0.20454,-1.6768,1
201,125,9,0.11111,0,1.7222,1.3403,8.5556,5.7258,43.37,41.667,49,39.444,-5.1111,16.889,-11.778,49,0.19248,-1.8406,1
210,73,9,0,0,1.3333,0.96609,1,0.8165,42.259,40.556,47.333,38.889,-5.1111,15.222,-10.111,47.333,0.17823,-1.8935,1
41,75,9,0,0.11111,15.389,19.136,26.611,31.714,55,47.444,65.444,52.111,-22.667,31.333,-8.6667,65.444,0.2978,-2.3568,1
81,67,9,0,0,0.83333,0.45947,0.88889,0.58373,122.89,112.33,138.44,117.89,-31.667,46.667,-15,138.44,0.18855,-2.3172,1
234,27,9,0.11111,0,0.83333,0.62361,2.0556,1.3567,122.67,111.56,138.67,117.78,-33.333,48,-14.667,138.67,0.19542,-2.3345,1
143,20,9,0,0,1.1111,0.75031,1.2778,0.92896,127.33,116.78,142.67,122.56,-31.667,46,-14.333,142.67,0.18148,-2.3269,1
207,58,9,0,0,0.83333,0.45947,1,0.42164,122,110.11,138.78,117.11,-35.667,50.333,-14.667,138.78,0.2065,-2.3493,1
38,71,9,0,0,0.72222,0.49065,0.88889,0.72008,122.19,111.44,138.33,116.78,-32.222,48.444,-16.222,138.33,0.19432,-2.3012,1
37,25,9,0,0,1.3333,0.7303,1,0.76012,126.04,114.33,142.22,121.56,-35.111,48.556,-13.444,142.22,0.19609,-2.3652,1
228,20,9,0,0,1.0556,0.49066,0.83333,0.75277,125,114,140.56,120.44,-33,46.667,-13.667,140.56,0.18889,-2.348,1
138,21,9,0,0,0.66667,0.76012,1,0.5164,127.3,116.22,143.11,122.56,-33.222,47.444,-14.222,143.11,0.18785,-2.3394,1
44,33,9,0,0,1.1667,0.9369,1.0556,0.85418,125.89,114.67,141.78,121.22,-33.667,47.667,-14,141.78,0.19121,-2.348,1
70,44,9,0,0.11111,2.4444,2.0941,2.3333,2.1396,122.59,112,136.89,118.89,-31.778,42.889,-11.111,136.89,0.18182,-2.3847,1
83,53,9,0,0,0.55555,0.45542,0.72222,0.49065,123.44,112.33,138.22,119.78,-33.333,44.333,-11,138.22,0.18722,-2.3933,1
159,40,9,0,0,0.88889,0.62063,0.55556,0.17213,125.15,114.22,141.67,119.56,-32.778,49.556,-16.778,141.67,0.19366,-2.2949,1
40,57,9,0,0,1.1667,0.72265,1.3889,0.80046,123.56,112.22,139,119.44,-34,46.333,-12.333,139,0.19249,-2.3761,1
217,23,9,0,0,1.0556,0.61162,1.1667,0.54772,124.44,111.89,141.67,119.78,-37.667,51.667,-14,141.67,0.21016,-2.3706,1
50,50,9,0,0,0.77778,0.65546,0.77778,0.50185,124.11,113.11,140.89,118.33,-33,50.333,-17.333,140.89,0.19716,-2.2883,1
91,19,9,0,0,1,0.76012,1.4444,0.77936,126.67,115.44,142.44,122.11,-33.667,47.333,-13.667,142.44,0.18953,-2.3528,1
216,17,9,0,0,0.66667,0.5164,1.2778,1.0202,126.15,115,141.89,121.56,-33.444,47.222,-13.778,141.89,0.18946,-2.3484,1
58,58,9,0,0,0.55556,0.40369,0.88889,0.86066,123,112.56,137.44,119,-31.333,43.333,-12,137.44,0.18097,-2.3654,1
17,18,9,0,0,1.2222,1.2939,1.2778,1.2546,125.63,114,142,120.89,-34.889,49.111,-14.222,142,0.19711,-2.3522,1
82,51,9,0,0,0.61111,0.44305,0.61111,0.74287,123.19,111.78,138.89,118.89,-34.222,47.111,-12.889,138.89,0.1952,-2.3685,1
118,38,9,0,0,0.77778,0.58373,0.88889,1.0681,124.85,113.33,141.67,119.56,-34.556,50.444,-15.889,141.67,0.19997,-2.3229,1
186,28,9,0,0,0.94444,0.38968,1.4444,1.2939,122.52,111,138.67,117.89,-34.556,48.444,-13.889,138.67,0.19951,-2.354,1
73,19,9,0,0,0.94445,0.38968,0.94444,0.68042,127.52,116.56,143.11,122.89,-32.889,46.778,-13.889,143.11,0.18554,-2.3442,1
44,162,9,0,0,0.88889,0.45542,1.9444,1.3567,24.519,19.556,24.111,29.889,-14.889,-1.2222,16.111,29.889,0.34703,2.5574,1
99,160,9,0,0,2,0.84327,3.0556,2.3609,28.037,21.111,29.667,33.333,-20.778,4.8889,15.889,33.333,0.36751,2.8271,1
212,160,9,0,0,1.4444,1.2939,1.4444,1.7722,23.259,17.778,23.444,28.556,-16.444,0.55556,15.889,28.556,0.37822,2.6426,1
252,194,9,0,0,2.1667,0.78174,2.0556,2.0267,18.556,15,15.333,25.333,-10.667,-9.6667,20.333,25.333,0.42249,2.1265,1
145,152,9,0,0,0.72222,1.1434,2.7778,1.1089,25.037,19.667,25.778,29.667,-16.111,2.2222,13.889,29.667,0.33799,2.7311,1
28,162,9,0.11111,0,1.1667,0.62361,1.4444,1.3278,25.111,19.667,26.111,29.556,-16.333,3,13.333,29.556,0.33513,2.769,1
9,180,9,0,0,1.1667,0.72265,1.1667,0.98319,22.556,17.444,22,28.222,-15.333,-1.6667,17,28.222,0.38143,2.5417,1
168,209,9,0,0,1.3333,0.66667,0.72222,0.71233,22.519,17.667,20.889,29,-14.556,-4.8889,19.444,29,0.39034,2.3894,1
153,204,9,0.11111,0,2.3889,1.692,3.3333,1.3824,19.407,15.333,16.889,26,-12.222,-7.5556,19.778,26,0.42037,2.2444,1
47,175,9,0,0,1.3333,0.78881,1.1667,0.88819,23.741,18.667,23.778,28.778,-15.222,0.11111,15.111,28.778,0.35149,2.6302,1
75,240,9,0,0,2.4444,1.9513,2.1111,1.3608,21.148,17,17.889,28.556,-12.444,-9.7778,22.222,28.556,0.41722,2.1755,1
160,168,9,0,0,1.5,1.1499,0.66667,0.4714,25.111,20.889,23,31.444,-12.667,-6.3333,19,31.444,0.33539,2.3021,1
215,190,9,0.11111,0,1.3889,1.0417,2.6111,1.8429,19.889,16,17.111,26.556,-11.667,-8.3333,20,26.556,0.40352,2.2044,1
204,156,9,0,0,0.5,0.27889,2,0.55777,23.704,17.333,25.444,28.333,-19.111,5.2222,13.889,28.333,0.38903,2.8649,1
145,248,9,0,0,2.0556,1.7181,2.1111,1.3771,26.889,23.222,25.111,32.333,-11,-5.3333,16.333,32.333,0.29168,2.2851,1
119,169,9,0,0,1.1667,0.98319,1,0.91894,25.963,20.889,25,32,-15.222,-2.8889,18.111,32,0.34778,2.4791,1
111,246,9,0,0,3.1667,2.095,5.8333,4.1137,25.889,21.111,22.444,34.111,-14.333,-10.333,24.667,34.111,0.38897,2.214,1
240,190,9,0,0,1.5556,0.75031,1.3333,1.0954,20.111,15.889,17.556,26.889,-12.667,-7.6667,20.333,26.889,0.40931,2.2522,1
207,215,9,0,0,3.2222,2.0403,2.5,1.6159,23.815,18.111,22.667,30.667,-17.111,-3.4444,20.556,30.667,0.40984,2.4718,1
114,242,9,0,0,2.7222,2.4533,4.6667,1.9206,24.074,19.222,22.444,30.556,-14.556,-4.8889,19.444,30.556,0.37169,2.3958,1
206,233,9,0,0,1.3889,1.5408,1.7222,0.82776,26.815,21.889,25.111,33.444,-14.778,-5.1111,19.889,33.444,0.34576,2.3893,1
90,237,9,0,0,2.4444,1.3278,2.7222,2.6784,22.222,17.556,19.667,29.444,-14,-7.6667,21.667,29.444,0.41375,2.2803,1
116,203,9,0,0,3.0556,1.9484,2.9444,1.7565,19.519,15.444,17.667,25.444,-12.222,-5.5556,17.778,25.444,0.39387,2.3204,1
144,187,9,0,0,1.9444,2.0485,6.2222,3.5129,56.148,49.889,69.667,48.889,-18.778,40.556,-21.778,69.667,0.29995,-2.0439,1
140,188,9,0,0,2,2.1082,3.0556,2.4981,61.667,54.444,76.556,54,-21.667,44.667,-23,76.556,0.29562,-2.074,1
71,197,9,0,0,2.7222,1.8549,4.5556,2.1465,55.444,49.111,69.556,47.667,-19,42.333,-23.333,69.556,0.31474,-2.0243,1
138,185,9,0,0,3.0556,2.9771,1.9444,2.1542,57.074,50.111,71.111,50,-20.889,42.111,-21.222,71.111,0.29802,-2.0889,1
60,196,9,0,0,1.4444,1.047,4.4444,1.9963,51.148,45.333,63.333,44.778,-17.444,36.556,-19.111,63.333,0.29769,-2.0593,1
145,185,9,0.11111,0,2.7778,2.2575,2.2222,1.9513,56.259,49.889,69.889,49,-19.111,40.889,-21.778,69.889,0.30228,-2.0511,1
86,197,9,0.11111,0.11111,1.6111,1.4517,1.2778,1.1039,63.222,56.222,77.778,55.667,-21,43.667,-22.667,77.778,0.28533,-2.068,1
50,199,9,0,0,3.2222,2.9789,5.6111,4.616,55.667,49.111,69.778,48.111,-19.667,42.333,-22.667,69.778,0.31241,-2.0454,1
189,184,9,0,0.11111,1.6667,0.84327,2.7778,2.0074,50.593,45.889,62.333,43.556,-14.111,35.222,-21.111,62.333,0.30095,-1.9645,1
197,182,9,0,0,2.2222,1.259,3.4444,2.8258,55.852,50.111,69.111,48.333,-17.222,39.778,-22.556,69.111,0.30064,-2.0016,1
114,193,9,0,0,3.1667,2.4653,4.5,2.5011,57.815,51.111,72.556,49.778,-20.111,44.222,-24.111,72.556,0.31409,-2.0338,1
166,182,9,0,0,3.0556,4.2133,4,2.3664,58.407,52.556,72.556,50.111,-17.556,42.444,-24.889,72.556,0.3112,-1.9785,1
10,207,9,0,0,2.6111,1.3067,3.1111,3.0086,52.111,46,64.889,45.444,-18.333,38.333,-20,64.889,0.29928,-2.0634,1
130,189,9,0.11111,0,2.5,0.98319,2.1111,2.81,58.63,51.778,73.333,50.778,-20.556,44.111,-23.556,73.333,0.30799,-2.0481,1
48,202,9,0,0.11111,3.3889,1.625,4.8333,4.092,58,52,71,51,-18,39,-21,71,0.28452,-2.0459,1
5,210,9,0,0.11111,2.1667,1.67,4.4444,2.6134,51.296,45.444,64.333,44.111,-17.556,39.111,-21.556,64.333,0.31757,-2.0209,1
223,175,9,0,0,3.7778,3.1246,7.1667,4.6892,57.852,50.778,72.778,50,-21.222,44.778,-23.556,72.778,0.31283,-2.0593,1
134,194,9,0,0,2.6111,1.2187,5.2222,4.4355,58.963,52.889,71.556,52.444,-18.222,37.778,-19.556,71.556,0.27344,-2.0819,1
93,190,9,0,0,5.5,1.8227,2.6111,3.2347,53.593,47.333,66.889,46.556,-18.778,39.889,-21.111,66.889,0.3036,-2.0525,1
116,192,9,0.11111,0,6.0556,2.8238,4.3333,3.0623,57.074,50.333,72.111,48.778,-20.222,45.111,-24.889,72.111,0.32402,-2.0247,1
7,203,9,0.11111,0.11111,3.8889,2.8571,5.4444,2.746,54,47.667,67.667,46.667,-19,41,-22,67.667,0.3149,-2.04,1
73,201,9,0,0.11111,0.72222,0.64693,4.4444,2.4555,58.704,52.889,72.222,51,-17.444,40.556,-23.111,72.222,0.29419,-1.9977,1
89,195,9,0.11111,0,2.7222,1.8669,3.1667,1.8227,61.741,55.111,76.556,53.556,-19.889,44.444,-24.556,76.556,0.30023,-2.0209,1
247,174,9,0.11111,0,3.1111,2.6805,3.1667,1.5456,56.185,49.444,70.889,48.222,-20.222,44.111,-23.889,70.889,0.32302,-2.0374,1
168,187,9,0,0,3.5,2.1679,2.8333,1.6021,58,52.556,71.444,50,-16.333,40.333,-24,71.444,0.29965,-1.9667,1
161,190,9,0,0,3.7778,2.0941,4.5556,3.7278,58.111,51.667,71.111,51.556,-19.333,39,-19.667,71.111,0.28592,-2.1029,1
87,196,9,0.11111,0,1.3333,0.86923,2.2222,1.6689,61.593,55,75.667,54.111,-19.778,42.222,-22.444,75.667,0.28753,-2.0487,1
32,206,9,0,0.11111,2.8333,1.7733,5.6111,2.8081,57.63,50.444,72.111,50.333,-21.556,43.444,-21.889,72.111,0.30568,-2.0859,1
139,185,9,0,0,2,0.63245,1.2222,1.9052,59.148,52.222,73.444,51.778,-20.778,42.889,-22.111,73.444,0.29644,-2.0739,1
17,204,9,0,0,2,1.2824,2.1667,0.75277,57.259,50.889,71.222,49.667,-19.111,41.889,-22.778,71.222,0.30267,-2.0374,1
162,190,9,0,0,3.0556,1.0628,6.1111,5.2182,57.333,51,70,51,-19,38,-19,70,0.27956,-2.1121,1
219,176,9,0,0.11111,2.1111,1.8579,5.1111,2.8415,60.296,53.333,75.667,51.889,-20.889,46.111,-25.222,75.667,0.31446,-2.0306,1
115,195,9,0,0,3.8333,2.9571,3.9444,1.7051,57.111,51.333,70.111,49.889,-17.333,39,-21.667,70.111,0.28836,-2.0156,1
124,191,9,0,0,3.5,2.7386,3.2778,2.8001,59.741,52.889,74.778,51.556,-20.556,45.111,-24.556,74.778,0.31361,-2.0355,1
63,203,9,0,0,4.2778,3.7913,3.4444,4.0369,58.481,52.444,71.667,51.333,-18.111,39.556,-21.444,71.667,0.28711,-2.0346,1
138,188,9,0,0,2.0556,1.3567,1.1111,0.75031,60.333,53.556,74.889,52.556,-20.333,43.667,-23.333,74.889,0.29951,-2.0472,1
187,180,9,0,0,4.0556,2.9845,3.3333,3.1972,62.074,54.889,77.556,53.778,-21.556,46.444,-24.889,77.556,0.30691,-2.0442,1
4,210,9,0,0,4.7222,4.0189,5.7222,2.185,49.741,44.222,62.222,42.778,-16.556,37.444,-20.889,62.222,0.31428,-2.0144,1
33,90,9,0.11111,0,0.5,0.40825,1.8333,0.54772,16.667,11.889,25.778,12.333,-14.333,27.333,-13,25.778,0.53912,-2.126,-1
22,114,9,0.11111,0,0.94444,1.1627,1.1667,0.40825,30.481,24.444,40.778,26.222,-18.111,30.889,-12.778,40.778,0.40054,-2.2072,-1
187,89,9,0,0,1.7778,1.747,0.94444,0.80046,5.037,2.8889,9.5556,2.6667,-6.4444,13.556,-7.1111,9.5556,0.7409,-2.0653,-1
59,116,9,0,0,3,2.8127,0.77778,0.45542,21.963,17.889,29.556,18.444,-12.222,22.778,-10.556,29.556,0.39566,-2.1448,-1
58,113,9,0,0,3.4444,1.2232,0.72222,0.38968,20.852,16.889,28.444,17.222,-11.889,22.778,-10.889,28.444,0.41481,-2.1257,-1
33,99,9,0,0,1.5556,1.259,2.4444,1.1287,15.481,11.222,23.778,11.444,-12.778,24.889,-12.111,23.778,0.54148,-2.1125,-1
60,116,9,0,0,0.72222,0.38968,0.77778,0.34427,23.407,19.333,31.444,19.444,-12.222,24.111,-11.889,31.444,0.39215,-2.105,-1
76,89,9,0,0,1.0556,0.95258,3.2778,2.4533,16.815,12.889,24.444,13.111,-11.778,22.889,-11.111,24.444,0.47305,-2.1118,-1
95,97,9,0,0,0.61111,0.53403,0.77778,0.45542,19.593,15.333,27.778,15.667,-12.778,24.556,-11.778,27.778,0.44749,-2.1213,-1
47,89,9,0,0,0.55556,0.17213,3.6111,3.8379,14.222,10.222,22.111,10.333,-12,23.667,-11.667,22.111,0.54882,-2.1073,-1
83,96,9,0,0,0.5,0.45947,0.66667,0.5164,19.593,15.222,28.444,15.111,-13.111,26.556,-13.444,28.444,0.47276,-2.0861,-1
57,118,9,0,0,2.8333,5.5,1.2222,0.87407,19.407,15.556,26.556,16.111,-11.556,21.444,-9.8889,26.556,0.41871,-2.1472,-1
96,94,9,0,0,0.72222,0.28519,0.44444,0.42963,20.222,16,28.778,15.889,-12.667,25.667,-13,28.778,0.45155,-2.0849,-1
20,134,9,0,0,0.66667,0.088889,0.61111,0.24074,2.963,1.1111,6.4444,1.3333,-5.5556,10.444,-4.8889,6.4444,0.82923,-2.1331,-1
41,139,9,0,0,0.055556,0.018519,0.11111,0.02963,1.2963,0,3.8889,0,-3.8889,7.7778,-3.8889,3.8889,1,-2.0944,-1
35,112,9,0.11111,0,0.88889,0.2963,0.55556,0.16296,16.185,12.111,23.889,12.556,-12.222,23.111,-10.889,23.889,0.49253,-2.1333,-1
33,114,9,0,0,0.55556,0.074074,0.5,0.21111,16.111,11.778,24.111,12.444,-13,24,-11,24.111,0.51092,-2.1491,-1
199,116,9,0,0,0.55556,0.2963,0.44444,0.02963,1.963,0.66667,4.8889,0.33333,-3.8889,8.7778,-4.8889,4.8889,0.94074,-2.0189,-1
216,78,9,0,0,1.3333,0.35555,4.3333,6.3555,36.111,31.333,46,31,-14.333,29.667,-15.333,46,0.33971,-2.0538,1
104,129,9,0,0,19.278,28.907,1.1111,1.0963,37.889,33.111,47.444,33.111,-14.333,28.667,-14.333,47.444,0.32061,-2.0978,1
155,138,9,0,0,2,0.66666,1.0556,0.41852,69.481,63.889,82.556,62,-16.778,39.222,-22.444,82.556,0.249,-1.999,1
183,105,9,0,0,2.1111,1.1407,0.77778,0.65185,65.556,60,78.778,57.889,-16.667,39.667,-23,78.778,0.26499,-1.9895,1
73,105,9,0,0,2.1111,1.0963,1.1667,0.52222,58.63,53.333,70.333,52.222,-15.889,35.111,-19.222,70.333,0.25905,-2.0322,1
165,96,9,0,0,2.3889,1.5741,1.7222,1.2185,67.037,61,80.222,59.889,-18.111,39.556,-21.444,80.222,0.2546,-2.0363,1
99,103,9,0,0,1,0.4,0.83334,0.43333,64.444,58.333,78.111,56.889,-18.333,41,-22.667,78.111,0.27157,-2.0226,1
155,135,9,0,0,2.3889,3.263,0.83333,0.12222,69.926,63.667,83.889,62.222,-18.778,41.889,-23.111,83.889,0.2583,-2.0249,1
168,70,9,0,0,0.83333,0.61111,0.38889,0.10741,55.037,51.556,64.889,48.667,-10.444,29.556,-19.111,64.889,0.24983,-1.908,1
144,139,9,0,0,5.5,3.9444,1.3889,0.59629,64.667,57.889,78.778,57.333,-20.333,42.333,-22,78.778,0.27569,-2.0655,1
83,83,9,0.11111,0,0.77778,0.78518,1.6667,3.1111,49.852,46,59.556,44,-11.556,29.111,-17.556,59.556,0.26061,-1.9585,1
38,103,9,0,0,0.88889,1.0519,1.9444,1.3963,58.185,53.333,69.556,51.667,-14.556,34.111,-19.556,69.556,0.25701,-1.9976,1
163,68,9,0,0,1.8333,2.2111,1.5556,0.96296,56.778,52,68.222,50.111,-14.333,34.333,-20,68.222,0.26505,-1.9843,1
33,108,9,0,0,2.9444,4.5963,6.8333,16.833,40,36,48.222,35.778,-12,24.667,-12.667,48.222,0.26676,-2.0805,1
169,66,9,0,0,2,2.0889,0.94444,0.41852,51.593,47.778,61.222,45.778,-11.444,28.889,-17.444,61.222,0.2521,-1.9613,1
37,124,9,0,0.11111,1.5,1.0111,2.4444,1.8074,54.333,49.444,65.222,48.333,-14.667,32.667,-18,65.222,0.25854,-2.0301,1
189,124,9,0,0,1.2778,0.95185,1.2778,1.3519,38.593,35.889,46.222,33.667,-8.1111,22.889,-14.778,46.222,0.27147,-1.9075,1
185,102,9,0,0,11.056,73.707,0.44445,0.20741,56.778,51.111,69.111,50.111,-17,37,-20,69.111,0.27435,-2.0341,1
120,102,9,0,0,0.77778,0.16296,0.66667,0.17778,63.481,56.778,77.111,56.556,-20.111,40.889,-20.778,77.111,0.26938,-2.083,1
185,110,9,0,0,18.444,375.1,1.2778,0.5963,50.667,46.111,60.444,45.444,-13.667,29.333,-15.667,60.444,0.24925,-2.0325,1
27,50,9,0,0,1.0556,0.46296,1,0.48889,23.037,21.667,30,17.444,-4.1111,20.889,-16.778,30,0.41875,-1.7413,1
23,85,9,0,0,1.4444,1.0519,1.7778,0.96296,17.963,18.889,21.889,13.111,2.7778,11.778,-14.556,21.889,0.39975,-1.3869,1
1,115,9,0.11111,0,1.8333,2.3889,2.2222,4.963,16.556,15.667,21.778,12.222,-2.6667,15.667,-13,21.889,0.42554,-1.548,1
69,85,9,0.11111,0,3.1111,8.2074,3.9444,9.4407,21.444,20.444,28.111,15.778,-3,20,-17,28.111,0.4374,-1.6599,1
42,63,9,0.11111,0,1.5,1.1,1.9444,2.463,22.37,20.333,29.667,17.111,-6.1111,21.889,-15.778,29.667,0.42265,-1.8139,1
88,89,9,0,0,0.77778,0.38518,3.6667,4.0444,22.333,21.667,28.444,16.889,-2,18.333,-16.333,28.444,0.40369,-1.6256,1
88,115,9,0,0,1.6667,1.8222,4.1667,4.2111,22.037,21.333,28,16.778,-2.1111,17.889,-15.778,28,0.39736,-1.6195,1
13,73,9,0,0,1.3889,0.72963,2.6111,3.1296,19.074,19.222,24.111,13.889,0.44444,15.111,-15.556,24.111,0.4215,-1.5243,1
127,118,9,0.22222,0,1.7222,1.5296,3.4444,9.4963,22.741,21.556,29,17.667,-3.5556,18.778,-15.222,29,0.3904,-1.7074,1
75,67,9,0,0,1.4444,1.0074,1.8333,1.5444,22.259,22.556,27.889,16.333,0.88889,16.889,-17.778,27.889,0.41484,-1.5248,1
26,93,9,0,0,2.5,0.21111,2.1111,9.1407,20.37,18.889,26.778,15.444,-4.4444,19.222,-14.778,26.778,0.41923,-1.7303,1
40,73,9,0.11111,0,1.3889,1.0852,1.6111,2.5074,20.63,19.778,26.778,15.333,-2.5556,18.444,-15.889,26.778,0.42697,-1.6755,1
41,61,9,0,0,2.0556,1.5741,1.5556,1.9407,21.741,20.333,28.778,16.111,-4.2222,21.111,-16.889,28.778,0.43704,-1.7373,1
121,113,9,0,0,1.7222,1.5296,2.9444,1.5296,20.259,20,25.444,15.333,-0.77778,15.556,-14.778,25.444,0.39659,-1.5856,1
85,101,9,0,0,1.3333,1.2889,1.2778,1.2185,21.296,21.222,26.778,15.889,-0.22222,16.444,-16.222,26.778,0.40479,-1.5586,1
67,61,9,0,0,1.0556,0.50741,0.83333,0.38889,23.741,22.667,30.667,17.889,-3.2222,20.778,-17.556,30.667,0.41575,-1.7009,1
65,54,9,0,0,1.7778,1.6741,2.7222,4.3296,24.593,22.778,32.556,18.444,-5.4444,23.889,-18.444,32.556,0.43217,-1.7608,1
86,74,9,0.11111,0,1.3333,1.5556,0.66667,0.13333,22.407,21.667,28.889,16.667,-2.2222,19.444,-17.222,28.889,0.42221,-1.6467,1
141,89,9,0,0,1.2778,1.4852,1.6667,3.6889,23.889,23.111,30.444,18.111,-2.3333,19.667,-17.333,30.444,0.40502,-1.664,1
69,74,9,0.22222,0,3.8889,9.9407,2.1667,2.4778,23.593,22.556,30.556,17.667,-3.1111,20.889,-17.778,30.556,0.42025,-1.6666,1
71,90,9,0,0,2.7778,2.0741,5.1111,3.2741,22.63,22,29.111,16.778,-1.8889,19.444,-17.556,29.111,0.42049,-1.6223,1
79,57,9,0,0,1.7222,1.6185,1.9444,1.9741,26.815,24,36.222,20.222,-8.4444,28.222,-19.778,36.222,0.44051,-1.8377,1
101,72,9,0,0,2.5,4.7444,1.7778,6.2963,26.481,23.556,35.778,20.111,-8.7778,27.889,-19.111,35.778,0.4369,-1.8462,1
64,74,9,0,0,1.3333,0.57778,1.3889,0.90741,21.148,21,26.889,15.556,-0.44444,17.222,-16.778,26.889,0.4192,-1.5542,1
21,53,9,0,0,0.88889,0.51852,1.1667,0.43333,21.556,20.889,27.444,16.333,-2,17.667,-15.667,27.444,0.40414,-1.6622,1
26,67,9,0.11111,0,1,0.88889,2.4444,3.1852,20,19.556,25.889,14.556,-1.3333,17.667,-16.333,25.889,0.43694,-1.6232,1
79,95,9,0,0,1.6667,3.7333,2.5,7.1889,21.111,21.111,26.222,16,0,15.333,-15.333,26.222,0.38836,-1.5555,1
7,114,9,0,0,1.1667,0.78889,2.1111,1.2741,14.519,16.111,17.111,10.333,4.7778,7.7778,-12.556,17.444,0.40864,-1.1793,1
147,69,9,0,0,2.0556,2.9074,1.8889,2.563,25.667,23.444,34.444,19.111,-6.6667,26.333,-19.667,34.444,0.44486,-1.7914,1
120,108,9,0.11111,0,0.61111,0.64074,0.94444,0.15185,21.926,21,28.222,16.556,-2.7778,18.889,-16.111,28.222,0.41213,-1.6835,1
42,56,9,0,0,1.0556,0.95185,1.3333,1.6,22.741,21.111,30.222,16.889,-4.8889,22.444,-17.556,30.222,0.44071,-1.7594,1
2,44,9,0,0,2.1667,2.3889,2.3889,1.5296,18.741,17.333,25.222,13.667,-4.2222,19.444,-15.222,25.222,0.45768,-1.7537,1
89,53,9,0,0,2.1111,1.7185,2.8333,3.0111,27.074,22.778,38.333,20.111,-12.889,33.778,-20.889,38.333,0.47477,-1.9375,1
73,103,9,0,0,1.2778,0.32963,1.1111,1.5407,18.333,19.222,22.556,13.222,2.6667,12.667,-15.333,22.556,0.41031,-1.3974,1
91,115,9,0.11111,0,1.7222,1.4407,3.8889,2.8296,19.926,20.556,24.111,15.111,1.8889,12.556,-14.444,24.111,0.37532,-1.441,1
27,68,9,0,0,1.3889,1.4852,1.7778,5.0963,21.593,20.444,28.444,15.889,-3.4444,20.556,-17.111,28.444,0.44035,-1.7003,1
23,113,9,0,0,0.72222,0.9963,2.7778,2.7852,14.704,17.111,16.889,10.111,7.2222,6.5556,-13.778,18.333,0.45136,-0.9757,1
96,92,9,0.11111,0,3.3333,2.9778,1.7778,0.65185,22.889,21.778,29.778,17.111,-3.3333,20.667,-17.333,29.778,0.42222,-1.6827,1
81,98,9,0.11111,0,1.2222,0.42963,1.8889,3.2296,20.889,21,25.889,15.778,0.33333,15,-15.333,25.889,0.38915,-1.5289,1
94,67,9,0,0,2.5556,3.363,1.5556,1.1852,23.741,22.889,30.778,17.556,-2.5556,21.111,-18.556,30.778,0.4299,-1.6702,1
89,107,9,0.11111,0,1.4444,1.9407,1.8889,2.7407,18.889,19.889,22.889,13.889,3,12,-15,23,0.39466,-1.3579,1
86,88,9,0.11111,0,2.0556,1.8852,1.7222,3.3963,21.148,21.444,26.333,15.667,0.88889,15.556,-16.444,26.333,0.40512,-1.5126,1
65,75,9,0,0,0.61111,0.32963,0.72222,0.1963,21.333,21.111,27.111,15.778,-0.66667,17.333,-16.667,27.111,0.41705,-1.5902,1
149,77,9,0,0,2.1111,3.9407,2.4444,6.0296,24.481,23.444,31.556,18.444,-3.1111,21.222,-18.111,31.556,0.41574,-1.6895,1
6,51,9,0,0,1.6667,2,1.6111,2.1074,19.593,18.778,25.667,14.333,-2.4444,18.222,-15.778,25.667,0.44286,-1.6813,1
32,45,9,0,0,2.2778,3.1741,3.2778,1.4407,21.926,20.556,28.778,16.444,-4.1111,20.556,-16.444,28.778,0.42817,-1.7354,1
29,81,9,0.11111,0,2.6111,3.7519,2.7222,3.7519,20.481,20.111,26.111,15.222,-1.1111,16.889,-15.778,26.111,0.41266,-1.5663,1
2,98,9,0,0,2,0.66667,1.0556,0.55185,17.481,18.333,20.778,13.333,2.5556,9.8889,-12.444,20.778,0.35672,-1.3604,1
2,89,9,0,0,1.2222,1.763,2.5556,3.4963,18.963,18.778,23.889,14.222,-0.55556,14.778,-14.222,23.889,0.40251,-1.5442,1
70,71,9,0.11111,0,2.1111,1.8074,2.8333,2.0778,22.778,21.889,29.667,16.778,-2.6667,20.667,-18,29.667,0.43357,-1.668,1
69,59,9,0,0,1.2778,0.95185,2.0556,1.4852,23.852,22.667,30.889,18,-3.5556,21.111,-17.556,30.889,0.4153,-1.6993,1
14,66,9,0,0,1.5556,1.0074,1.5,1.0111,18.667,18.556,24,13.444,-0.33333,16,-15.667,24,0.43785,-1.5693,1
35,42,9,0.11111,0,1.0556,0.15185,1.3889,0.50741,22.593,20,31.111,16.667,-7.7778,25.556,-17.778,31.111,0.46275,-1.8425,1
70,60,9,0,0,0.94444,1.3963,2.1667,1.3667,23.778,22.444,31,17.889,-4,21.667,-17.667,31,0.42082,-1.7131,1
12,56,9,0.22222,0,1.2222,0.20741,1.3333,1.0222,19.852,19.444,25.444,14.667,-1.2222,16.778,-15.556,25.444,0.42269,-1.6222,1
80,116,9,0,0,1.5,1.6333,1.5556,0.87407,21.704,21.222,27.556,16.333,-1.4444,17.556,-16.111,27.556,0.40736,-1.6322,1
67,118,9,0,0,1.1111,0.38519,2.2778,4.2852,21.111,20.222,27.333,15.778,-2.6667,18.667,-16,27.333,0.41688,-1.6207,1
66,101,9,0.11111,0,0.72222,0.32963,2.2222,0.65185,19.037,19.667,23.556,13.889,1.8889,13.556,-15.444,23.556,0.41027,-1.4576,1
26,91,9,0.11111,0,2,2.1778,2.5556,2.163,19.741,19.778,24.556,14.889,0.11111,14.444,-14.556,24.556,0.39416,-1.5523,1
232,126,9,0,0.11111,2.3889,11.885,1.2222,6.2963,1.5185,0.44444,3.5556,0.55556,-3.2222,6.1111,-2.8889,3.5556,0.96581,-2.1073,1
231,124,9,0,0,3.4444,14.963,1.8333,6.4333,3,1.4444,5.8889,1.6667,-4.6667,8.6667,-4,5.8889,0.89537,-2.1189,1
240,75,9,0,0,29.222,749.76,10.222,99.096,38.037,29.778,50.667,33.667,-24.778,37.889,-13.111,50.667,0.46491,-2.2842,1
204,116,9,0,0,1.0556,1.263,1.0556,1.4407,2.1852,0.33333,5.1111,1.1111,-5.5556,8.7778,-3.2222,5.1111,0.96142,-2.2491,1
227,69,9,0,0,3.6111,45.93,4.3333,36.4,11.074,6.8889,16,10.333,-12.556,14.778,-2.2222,16,0.60428,-2.4819,1
235,88,9,0,0,0.61111,0.24074,0.94444,0.32963,2.7778,0.44444,6.4444,1.4444,-7,11,-4,6.4444,0.93849,-2.2695,1
207,97,9,0,0,0.88889,0.65185,0.77778,0.47407,2.6296,0.55556,5.8889,1.4444,-6.2222,9.7778,-3.5556,5.8889,0.91534,-2.269,1
206,80,9,0,0,4.8889,14.83,3.8333,36.122,10.037,6.5556,15.111,8.4444,-10.444,15.222,-4.7778,15.111,0.59777,-2.3263,1
203,93,9,0,0,2.6667,6.4444,3.4444,11.674,6.7778,3.2222,11.889,5.2222,-10.667,15.333,-4.6667,11.889,0.76019,-2.3328,1
214,79,9,0,0,1.2778,0.86296,1.3333,0.53333,4.8519,2,9.2222,3.3333,-8.5556,13.111,-4.5556,9.2222,0.79167,-2.289,1
214,121,9,0,0,0.27778,0.062963,0.11111,0.074074,1.1481,0,3.3333,0.11111,-3.4444,6.5556,-3.1111,3.3333,1,-2.1326,1
230,98,9,0,0,0.38889,0.15185,0.38889,0.062963,1.4074,0,4.1111,0.11111,-4.2222,8.1111,-3.8889,4.1111,1,-2.1137,1
199,100,9,0,0,2.3889,1.4407,2.4444,6.0296,6.0741,2.7778,11.556,3.8889,-9.8889,16.444,-6.5556,11.556,0.77382,-2.2262,1
234,122,9,0,0,1.7222,7.8407,1.3889,7.5741,2.2593,0.55556,5.2222,1,-5.1111,8.8889,-3.7778,5.2222,0.96032,-2.1732,1
18,13,9,0,0,0.88889,0.20741,1.1111,0.16296,140.26,134.33,149.11,137.33,-17.778,26.556,-8.7778,149.11,0.09906,-2.2924,1
98,41,9,0,0,1.7222,0.77407,1.1111,0.87407,137.15,130.67,147.22,133.56,-19.444,30.222,-10.778,147.22,0.11242,-2.2685,1
7,18,9,0,0,1.2778,0.72963,0.94445,0.37408,138.63,133.33,147.56,135,-15.889,26.778,-10.889,147.56,0.096352,-2.2146,1
184,15,9,0,0,0.44445,0.25185,0.77777,0.11852,140.78,134.33,150.11,137.89,-19.333,28,-8.6667,150.11,0.10507,-2.3285,1
235,22,9,0,0,1.1667,0.38888,1,0.48888,137.63,132.11,147.89,132.89,-16.556,30.778,-14.222,147.89,0.10965,-2.1462,1
240,26,9,0,0,1.2222,1.0074,0.88889,0.20741,136.89,131,146.56,133.11,-17.667,29,-11.333,146.56,0.1061,-2.2307,1
209,11,9,0,0,0.83333,0.25556,2.1667,3.8556,141.56,135.11,150.11,139.44,-19.333,25.667,-6.3333,150.11,0.099836,-2.4016,1
181,115,9,0,0,0.22222,0.02963,1.4444,1.2296,132.78,123.22,145.33,129.78,-28.667,37.667,-9,145.33,0.15213,-2.4055,1
194,57,9,0,0,0.61111,0.41851,1.1667,0.38889,135.96,129.89,146.22,131.78,-18.222,30.778,-12.556,146.22,0.1117,-2.215,1
72,31,9,0,0,1.1111,1.4963,1.3333,0.71111,135.93,129.89,145.56,132.33,-18.111,28.889,-10.778,145.56,0.10762,-2.255,1
243,41,9,0,0,1,0.35556,0.27778,0.15185,135.22,128.44,145.89,131.33,-20.333,32,-11.667,145.89,0.11953,-2.2702,1
101,197,9,0,0,3.5556,7.5407,4.9444,6.4185,21.259,17.444,18.778,27.556,-11.444,-7.4444,18.889,27.556,0.39489,2.2431,1
224,242,9,0,0,1.8889,0.82963,2.2222,3.2741,11.741,8.6667,10.778,15.778,-9.2222,-2.8889,12.111,15.778,0.45455,2.3866,1
217,208,9,0,0,2.5,2.1667,2.6667,2.4444,16.074,12.667,14.444,21.111,-10.222,-4.8889,15.111,21.111,0.40213,2.3109,1
72,191,9,0.11111,0,1.2778,0.50741,3.1111,4.6074,15.185,12.111,14.889,18.556,-9.2222,-0.88889,10.111,18.556,0.35037,2.5453,1
159,180,9,0.11111,0,1.5556,0.87407,3.2778,3.3963,21.259,18.111,18.111,27.556,-9.4444,-9.4444,18.889,27.556,0.35886,2.1139,1
20,248,9,0,0,1.8333,0.83333,1.6667,1.6,13.444,10.556,12.111,17.667,-8.6667,-4,12.667,17.667,0.40344,2.3417,1
174,178,9,0,0,1.3889,2.6852,5,10.4,19.556,17,18.111,23.556,-7.6667,-4.3333,12,23.556,0.29896,2.2741,1
116,245,9,0.11111,0,1.3889,0.55185,2.2222,3.9407,14.222,11.111,13.111,18.444,-9.3333,-3.3333,12.667,18.444,0.38969,2.3954,1
244,211,9,0,0,1.6667,1.3333,2,2.3111,13.63,10.778,12.889,17.222,-8.5556,-2.2222,10.778,17.222,0.37481,2.441,1
164,178,9,0.22222,0,1.3889,0.86296,2.5,1.4556,23.815,20.222,21.111,30.111,-10.778,-8.1111,18.889,30.111,0.32921,2.1903,1
6,217,9,0,0,2.1111,5.0963,3.9444,12.507,14.556,11.444,13.333,18.889,-9.3333,-3.6667,13,18.889,0.39534,2.3639,1
94,136,9,0,0,0.22222,0.02963,0.22222,0.02963,2.5556,1,5.7778,0.88889,-4.6667,9.6667,-5,5.7778,0.84709,-2.0712,-1
195,136,9,0,0,1.1667,0.52222,1.1667,0.47778,2.4444,0.66667,5.7778,0.88889,-5.3333,10,-4.6667,5.7778,0.91116,-2.1303,-1
37,130,9,0,0,0.77778,0.96296,1.2778,0.95185,1.6296,1.1111,3,0.77778,-1.5556,4.1111,-2.5556,3,0.85556,-1.9598,-1
94,140,9,0,0,0.16667,0.033333,0.33333,0.044444,3.037,1.7778,6.1111,1.2222,-3.7778,9.2222,-5.4444,6.1111,0.79788,-1.9858,-1
121,134,9,0,0,0.22222,0.02963,0.83333,0.077778,1.6667,0.66667,4,0.33333,-3,7,-4,4,0.93704,-2.0131,-1
43,137,9,0,0,0.16667,0.077778,1.3889,1.7519,1.6667,0.66667,3.7778,0.55556,-3,6.3333,-3.3333,3.7778,0.91799,-2.0712,-1
170,139,9,0,0,1.0556,0.50741,0.72222,0.28519,4.1852,1.8889,8.5556,2.1111,-6.8889,13.111,-6.2222,8.5556,0.78618,-2.1276,-1
119,138,9,0,0,0.77778,0.51852,0.72222,0.28519,3.5556,1.7778,7.2222,1.6667,-5.3333,11,-5.6667,7.2222,0.7795,-2.0712,-1
53,134,9,0,0,2.1667,0.3,0.27778,0.018518,6.963,4.6667,11.222,5,-6.8889,12.778,-5.8889,11.222,0.58723,-2.1385,-1
54,133,9,0,0,1.5556,1.0074,0.5,0.34444,5.3704,3.6667,9,3.4444,-5.1111,10.889,-5.7778,9,0.63047,-2.048,-1
9,130,9,0,0,0.055556,0.018519,2.6111,6.2407,1.7407,1,3.2222,1,-2.2222,4.4444,-2.2222,3.2222,0.55093,-2.0944,-1
108,138,9,0,0,0.27778,0.062963,0.5,0.12222,3.1852,1.4444,6.6667,1.4444,-5.2222,10.444,-5.2222,6.6667,0.7996,-2.0878,-1
10,137,9,0,0,0.55556,0.074074,0.27778,0.018519,0.92593,0.11111,2.6667,0,-2.4444,5.2222,-2.7778,2.6667,1,-2.0562,-1
96,123,9,0,0,1.2778,0.15185,1.8333,2.0778,21.63,14.778,34.222,15.889,-20.556,37.778,-17.222,34.222,0.55955,-2.1498,1
109,130,9,0,0,1.1111,0.74074,9.7778,21.763,13.037,9.8889,18.889,10.333,-9.4444,17.556,-8.1111,18.889,0.54812,-2.1374,1
58,146,9,0.11111,0,3.5,7.0556,2.5,4.6556,22.741,18.111,31.556,18.556,-13.889,26.444,-12.556,31.556,0.42983,-2.1249,1
217,148,9,0,0,2.0556,2.5519,1.0556,0.50741,29.074,21.444,41.556,24.222,-22.889,37.444,-14.556,41.556,0.48377,-2.238,1
44,125,9,0,0,0.5,0.21111,0.44444,0.16296,18.222,14.889,24.778,15,-10,19.667,-9.6667,24.778,0.39869,-2.1041,1
137,147,9,0.11111,0,1.5556,1.2741,2.0556,2.8185,27.222,20.556,38.667,22.444,-20,34.333,-14.333,38.667,0.46816,-2.2046,1
21,147,9,0.11111,0,1.9444,1.6185,1.3333,0.84444,6.2593,5.7778,8.4444,4.5556,-1.4444,6.5556,-5.1111,8.6667,0.46407,-1.5843,1
107,146,9,0,0,1.8889,1.0074,2.1111,1.3185,21.37,16.778,29.667,17.667,-13.778,24.889,-11.111,29.667,0.43279,-2.165,1
12,154,9,0,0,3.2222,3.0518,2.3333,3.2,19.704,14.889,28.556,15.667,-14.444,26.556,-12.111,28.556,0.47972,-2.1425,1
14,146,9,0.11111,0,0.88889,0.47407,1.1111,0.74074,10.593,8,15.667,8.1111,-7.7778,15.222,-7.4444,15.667,0.48786,-2.1089,1
163,151,9,0,0,3.8333,11.056,1.5556,2.2519,30.481,23.111,42.778,25.556,-22.111,36.889,-14.778,42.778,0.45745,-2.2196,1
212,152,9,0,0,5,7.6444,2.3889,3.263,26.556,20.333,37.667,21.667,-18.667,33.333,-14.667,37.667,0.46343,-2.1657,1
21,123,9,0,0,0.88889,0.38519,1,0.35556,19.296,15.667,26.333,15.889,-10.889,21.111,-10.222,26.333,0.40891,-2.1157,1
190,136,9,0,0,2.2778,1.5296,2.8333,0.61111,4.8519,2.8889,8.5556,3.1111,-5.8889,11.111,-5.2222,8.5556,0.70975,-2.1239,1
193,154,9,0,0,1.7222,2.5519,2,1.8667,28.148,21.556,39.556,23.333,-19.778,34.222,-14.444,39.556,0.45353,-2.1911,1
233,154,9,0,0,3.7222,11.619,0.66667,0.57778,33,25.111,46.556,27.333,-23.667,40.667,-17,46.556,0.45879,-2.2026,1
55,80,9,0.11111,0,1.8333,4.3,1.8333,1.1,7.0741,2.8889,12.444,5.8889,-12.556,16.111,-3.5556,12.444,0.77528,-2.4175,1
3,91,9,0,0.11111,2.2222,5.0519,1,1.9556,5.6296,1.8889,10.667,4.3333,-11.222,15.111,-3.8889,10.667,0.82975,-2.3839,1
58,95,9,0,0,2.1667,1.6333,1.9444,0.68519,4.4444,1.2222,9,3.1111,-9.6667,13.667,-4,9,0.87492,-2.3338,1
98,144,9,0,0,0.22222,0.02963,0.33333,0.088889,1,0,3,0,-3,6,-3,3,1,-2.0944,1
114,102,9,0,0,1.1111,1.2296,1.1667,0.87778,4.037,1,8.4444,2.6667,-9.1111,13.222,-4.1111,8.4444,0.89122,-2.3161,1
14,120,9,0,0,0.33333,0.13333,0.44444,0.2963,1.5926,0,3.8889,0.88889,-4.7778,6.8889,-2.1111,3.8889,1,-2.3157,1
35,76,9,0,0.11111,7.7778,192.21,7.8333,201.72,13.519,8.4444,19.444,12.667,-15.222,17.778,-2.5556,19.444,0.63742,-2.5233,1
123,136,9,0,0,0.55556,1.0963,0.66667,1.3333,1.1111,0.11111,3,0.22222,-3,5.6667,-2.6667,3,0.98611,-2.111,1
36,145,9,0,0,0.27778,0.1963,1.2778,2.063,0.85185,0.33333,1.4444,0.77778,-1.5556,1.7778,-0.22222,1.4444,0.25185,-2.531,1
133,102,9,0,0.11111,22.056,374.6,29.889,488.03,44.037,37.444,52.667,42,-19.778,25.889,-6.1111,52.667,0.39789,-2.4168,1
20,137,9,0,0,0.11111,0.02963,0.27778,0.018519,0.22222,0,0.66667,0,-0.66667,1.3333,-0.66667,0.66667,0.66667,-2.0944,1
95,141,9,0,0,0.72222,0.24074,0.72222,0.15185,1.5556,0.11111,3.6667,0.88889,-4.3333,6.3333,-2,3.6667,0.97778,-2.286,1
41,77,9,0.11111,0,1.7778,0.65185,1.6111,1.5741,5,1.2222,10.222,3.5556,-11.333,15.667,-4.3333,10.222,0.89161,-2.3549,1
26,137,9,0,0,0.055556,0.018519,0.11111,0.02963,0.25926,0,0.77778,0,-0.77778,1.5556,-0.77778,0.77778,0.77778,-2.0944,1
75,98,9,0,0,3.9444,45.841,4.6667,39.289,5.5185,2.3333,10.444,3.7778,-9.5556,14.778,-5.2222,10.444,0.87215,-2.273,1
39,77,9,0.11111,0,1.8333,1.8111,2.3889,0.77407,7.7037,3.2222,13.111,6.7778,-13.444,16.222,-2.7778,13.111,0.76205,-2.4675,1
31,68,9,0,0,27.944,203.35,18.278,338.64,47.185,38.556,60.111,42.889,-25.889,38.778,-12.889,60.111,0.41303,-2.3087,1
94,144,9,0,0,0.44444,0.11852,0.5,0.16667,1.1481,0,3.4444,0,-3.4444,6.8889,-3.4444,3.4444,1,-2.0944,1
76,106,9,0,0,1.8333,3.5444,2.2222,3.7185,3.6667,1,7.8889,2.1111,-8,12.667,-4.6667,7.8889,0.90357,-2.2555,1
95,95,9,0,0,0.72222,0.81852,1.1111,0.25185,6.4815,2.3333,12.556,4.5556,-12.444,18.222,-5.7778,12.556,0.81691,-2.3223,1
7,134,9,0,0,0.055556,0.018519,0.055556,0.018519,0.037037,0,0.11111,0,-0.11111,0.22222,-0.11111,0.11111,0.11111,-2.0944,1
52,102,9,0,0,0.72222,0.50741,0.83333,0.56667,2.8889,0.66667,6.3333,1.6667,-6.6667,10.333,-3.6667,6.3333,0.89974,-2.2617,1
127,143,9,0,0,1.5,0.12222,0.88889,0.60741,4.1852,0.88889,9.4444,2.2222,-9.8889,15.778,-5.8889,9.4444,0.91538,-2.2574,1
33,142,9,0,0,0.11111,0.02963,0.11111,0.02963,0.037037,0,0.11111,0,-0.11111,0.22222,-0.11111,0.11111,0.11111,-2.0944,1
40,95,9,0,0.11111,1.2778,1.5741,1.6111,1.2185,4.6296,1,9.2222,3.6667,-10.889,13.778,-2.8889,9.2222,0.9071,-2.4294,1
42,138,9,0,0,0.44444,1.1852,0.44444,1.1852,0.2963,0.11111,0.66667,0.11111,-0.55556,1.1111,-0.55556,0.66667,0.092593,-2.0944,1
61,119,9,0,0,0.83333,0.83333,1.0556,0.95185,1.2222,0.11111,3.2222,0.33333,-3.3333,6,-2.6667,3.2222,0.98413,-2.1331,1
131,125,9,0,0,0.61111,0.37407,0.5,0.3,1.3704,0,3.8889,0.22222,-4.1111,7.5556,-3.4444,3.8889,1,-2.1303,1
6,120,9,0,0,0.33333,0.088889,0.5,0.077778,1.1481,0.22222,3,0.22222,-2.7778,5.5556,-2.7778,3,1,-2.0573,1
30,91,9,0,0,3.3889,6.463,3.2778,9.0407,6.2593,2.4444,12.111,4.2222,-11.444,17.556,-6.1111,12.111,0.82302,-2.2827,1
54,138,9,0,0,0.22222,0.2963,0.38889,0.41852,0.25926,0,0.66667,0.11111,-0.77778,1.2222,-0.44444,0.66667,0.33333,-2.1814,1
51,115,9,0,0,0.66667,0.48889,1.3889,0.68518,2.7037,0.55556,5.6667,1.8889,-6.4444,8.8889,-2.4444,5.6667,0.91799,-2.3584,1
16,82,9,0,0,4.3333,41.289,6.2222,66.652,8.4815,4.3333,14.556,6.5556,-12.444,18.222,-5.7778,14.556,0.74282,-2.3206,1
17,124,9,0,0,1.1667,0.61111,1.4444,0.78519,1.1481,0.22222,2.6667,0.55556,-2.7778,4.5556,-1.7778,2.6667,0.9537,-2.1692,1
58,109,9,0,0,0.88889,0.25185,2.8333,1.6778,4.2963,1.4444,8.4444,3,-8.5556,12.444,-3.8889,8.4444,0.86448,-2.2838,1
150,144,9,0,0,0.55556,0.074074,0.61111,0.15185,2.5185,0.11111,6.5556,0.88889,-7.2222,12.111,-4.8889,6.5556,0.98611,-2.2122,1
2,114,9,0,0,0.83333,0.12222,0.27778,0.062963,1.7407,0.77778,3.8889,0.55556,-2.8889,6.4444,-3.5556,3.8889,0.88148,-2.027,1
59,99,9,0,0,0.77778,0.82963,1,0.35556,2.037,0.11111,5.5556,0.44444,-5.7778,10.556,-4.7778,5.5556,0.98611,-2.1497,1
118,85,9,0,0,3.2778,4.4185,2.2778,6.8185,8.1852,3.5556,14.889,6.1111,-13.889,20.111,-6.2222,14.889,0.77412,-2.3291,1
26,120,9,0,0,0.77778,1.2741,0.83333,1.0556,1.3333,0.11111,3.3333,0.55556,-3.6667,6,-2.3333,3.3333,0.98413,-2.1788,1
32,95,9,0,0,1.2778,1.0407,2.2222,3.0963,3.1481,0.77778,7.4444,1.2222,-7.1111,12.889,-5.7778,7.4444,0.9196,-2.152,1
46,88,9,0,0,1.5,1.3667,1.5556,1.2741,3.2963,0.66667,7.6667,1.5556,-7.8889,13.111,-5.2222,7.6667,0.92957,-2.2165,1
137,105,9,0,0.11111,10.722,16.507,31.222,650.43,42.852,35.778,52.667,40.111,-21.222,29.444,-8.2222,52.667,0.37578,-2.3802,1
73,117,9,0,0,1.5556,0.96296,0.61111,0.77407,1.3333,0.22222,3.5556,0.22222,-3.3333,6.6667,-3.3333,3.5556,0.96825,-2.0944,1
71,95,9,0,0,2.1111,3.6296,2.6667,3.5556,9.5185,4.7778,15.444,8.3333,-14.222,17.778,-3.5556,15.444,0.6989,-2.445,1
81,126,9,0,0.11111,1.9444,1.1296,1.0556,0.28519,2.963,0.55556,6.5556,1.7778,-7.2222,10.778,-3.5556,6.5556,0.93571,-2.2891,1
54,91,9,0,0,1.4444,1.5407,0.83333,0.25556,3.2593,0.55556,8,1.2222,-8.1111,14.222,-6.1111,8,0.94481,-2.1867,1
82,120,9,0,0,5.6667,46.933,5.9444,60.063,6.963,3.3333,12.778,4.7778,-10.889,17.444,-6.5556,12.778,0.82289,-2.2401,1
44,123,9,0,0,1.0556,0.9963,1,0.84444,1.4815,0.22222,3.6667,0.55556,-3.7778,6.5556,-2.7778,3.6667,0.9619,-2.1618,1
140,124,9,0,0,1,0.44444,1.1111,1.0519,2.5185,0.22222,6.1111,1.2222,-6.8889,10.778,-3.8889,6.1111,0.97377,-2.2675,1
63,122,9,0,0,0,0,0,0,0.33333,0,1,0,-1,2,-1,1,1,-2.0944,1
18,83,9,0,0.11111,6.1667,9.9889,12.889,28.785,14.37,9,22.667,11.444,-16.111,24.889,-8.7778,22.667,0.66478,-2.2742,1
29,52,9,0,0,0.38889,0.018518,1.3333,0.17778,125.78,115.56,140.22,121.56,-30.667,43.333,-12.667,140.22,0.17585,-2.3485,1
166,55,9,0,0,1.3889,0.81852,1.1667,0.7,124.11,113.89,139.33,119.11,-30.667,45.667,-15,139.33,0.18262,-2.3082,1
231,49,9,0,0,0.55556,0.38519,0.66667,0.26667,120.7,108.11,139.33,114.67,-37.778,55.889,-18.111,139.33,0.22388,-2.3155,1
172,60,9,0,0,0.83333,0.38889,1.0556,0.32963,123.67,114,138.33,118.67,-29,44,-15,138.33,0.17584,-2.2934,1
201,40,9,0,0,1.0556,0.5963,1.5,1.5444,123.78,113.33,139.67,118.33,-31.333,47.667,-16.333,139.67,0.1885,-2.2922,1
178,43,9,0,0,1.1667,1.1,1.1111,0.74074,125.26,115.67,140.22,119.89,-28.778,44.889,-16.111,140.22,0.17495,-2.2707,1
115,75,9,0,0,0.94445,0.77408,1.0556,0.5963,126.07,115.89,141.22,121.11,-30.556,45.444,-14.889,141.22,0.17935,-2.3098,1
143,24,9,0,0,1.2778,0.90741,0.88889,1.1407,127.63,117.67,141.67,123.56,-29.889,42.111,-12.222,141.67,0.1694,-2.3493,1
140,25,9,0,0,1,1.4667,1.1111,0.11852,128,117.78,142.33,123.89,-30.667,43,-12.333,142.33,0.1725,-2.3546,1
251,24,9,0,0,1.1667,0.96666,1.6111,0.41852,121.63,110.78,137.78,116.33,-32.556,48.444,-15.889,137.78,0.19598,-2.3079,1
212,48,9,0,0,0.55555,0.25185,0.55555,0.074074,122.37,112.22,138.11,116.78,-30.444,47.222,-16.778,138.11,0.18736,-2.2786,1
121,62,9,0,0,0.55556,0.20741,1.1111,0.56296,125.41,116.33,138.78,121.11,-27.222,40.111,-12.889,138.78,0.16166,-2.316,1
84,65,9,0,0,0.72222,0.37407,2,0.71111,125.67,115.33,141.67,120,-31,48,-17,141.67,0.18566,-2.2737,1
78,72,9,0,0,1.1111,1.0074,1.0556,0.72963,125.56,115.33,140.56,120.78,-30.667,45,-14.333,140.56,0.17933,-2.3208,1
103,39,9,0,0,0.5,0.3,1.1111,0.42963,127.52,116.56,142.89,123.11,-32.889,46.111,-13.222,142.89,0.18426,-2.353,1
120,17,9,0,0,1.3889,0.55185,1.8889,1.1407,129.56,118.78,143.56,126.33,-32.333,42,-9.6667,143.56,0.17263,-2.413,1
93,29,9,0,0,1.2222,1.2296,1.3889,1.5741,128.48,119,142.78,123.67,-28.444,42.889,-14.444,142.78,0.16648,-2.2978,1
71,180,9,0.11111,0,1.2222,0.56296,3,1.8667,22.333,18.333,21.444,27.222,-12,-2.6667,14.667,27.222,0.32738,2.4538,1
192,157,9,0,0,1.0556,0.50741,0.77778,0.16296,18.333,13.889,17.222,23.889,-13.333,-3.3333,16.667,23.889,0.41818,2.4386,1
81,229,9,0.11111,0,2.4444,0.78519,2.0556,3.2185,10.926,7.4444,10.667,14.667,-10.444,-0.77778,11.222,14.667,0.49614,2.5575,1
20,170,9,0,0,0.77778,0.78518,1.1111,0.56296,19.556,15.111,18.889,24.667,-13.333,-2,15.333,24.667,0.38747,2.5044,1
226,233,9,0,0,2.7778,1.3185,1.7778,1.0963,11.704,8.3333,11,15.778,-10.111,-2.1111,12.222,15.778,0.47394,2.4766,1
103,216,9,0,0,0.88889,0.65185,2.1667,1.1444,14.556,10.889,13.667,19.111,-11,-2.6667,13.667,19.111,0.4317,2.4475,1
200,165,9,0.11111,0,2.2778,3.9741,1.7778,0.91852,17.333,12.889,16.444,22.667,-13.333,-2.6667,16,22.667,0.43082,2.4712,1
186,218,9,0,0,1.1667,0.74444,1.1667,0.65556,13.704,10.667,12.667,17.778,-9.1111,-3.1111,12.222,17.778,0.40135,2.3827,1
250,172,9,0,0,0.94444,0.50741,1.3333,0.71111,16.074,12.333,15,20.889,-11.222,-3.2222,14.444,20.889,0.40984,2.4177,1
114,181,9,0,0,1.1111,0.38519,0.88889,1.0963,19.926,15.889,18.778,25.111,-12.111,-3.4444,15.556,25.111,0.36658,2.4208,1
159,210,9,0,0,1.5,1.3667,1.5556,2.163,12.963,9.4444,12,17.444,-10.556,-2.8889,13.444,17.444,0.46044,2.4287,1
157,184,9,0,0,1.2778,0.77407,1.3333,0.84444,19.444,15.222,18.222,24.889,-12.667,-3.6667,16.333,24.889,0.38821,2.4194,1
96,236,9,0,0,1.7222,3.8407,1.7222,1.1296,13.963,10.778,12.444,18.667,-9.5556,-4.5556,14.111,18.667,0.42424,2.3206,1
44,157,9,0,0,0.83333,0.3,2.9444,7.6185,24.296,19.222,24.222,29.444,-15.222,-0.22222,15.444,29.444,0.35004,2.6043,1
103,226,9,0,0,1.7222,1.7074,1.6111,1.7519,13.481,10.222,11.889,18.333,-9.7778,-4.7778,14.556,18.333,0.44246,2.3039,1
205,156,9,0,0,2.1667,1.2778,2,2.3556,18.259,13.444,17.333,24,-14.444,-2.7778,17.222,24,0.44058,2.4758,1
179,150,9,0,0,1.0556,0.1963,1.7222,1.6185,18.926,13.444,20,23.333,-16.444,3.2222,13.222,23.333,0.42442,2.7917,1
230,180,9,0.11111,0,1.1111,0.51852,1.9444,1.263,13.852,9.6667,13.111,18.778,-12.556,-2.2222,14.778,18.778,0.48688,2.4879,1
128,196,9,0,0,1.6667,1.2444,1.8889,3.8519,19.63,15.667,18.556,24.667,-11.889,-3.2222,15.111,24.667,0.3653,2.4373,1
234,177,9,0,0,1.1111,0.47407,0.88889,0.56296,16.259,12.556,15.444,20.778,-11.111,-2.4444,13.556,20.778,0.3964,2.4621,1
140,247,9,0,0,2.5,3.1889,2.6667,3.5556,8.1111,6,5.8889,12.444,-6.3333,-6.6667,13,12.444,0.56347,2.1179,1
214,161,9,0,0,3.7222,0.72963,11.5,18.922,40.444,35.333,49.667,36.333,-15.333,27.667,-12.333,49.667,0.29806,-2.1989,1
223,161,9,0,0,1.3889,3.0407,9,31.022,42.037,36,52.222,37.889,-18.111,30.556,-12.444,52.222,0.30842,-2.2823,1
142,163,9,0,0,1.5,0.87778,17.667,3.2445,40.444,35,48.556,37.778,-16.333,24.333,-8,48.556,0.26898,-2.3927,1
37,165,9,0,0,2.3889,8.1074,16.444,23.896,35.815,30.778,42.889,33.778,-15.111,21.222,-6.1111,42.889,0.27365,-2.4702,1
186,162,9,0,0,1.6111,0.5963,12.389,66.819,44.074,37.444,54.667,40.111,-19.889,31.778,-11.889,54.667,0.30151,-2.3867,1
179,162,9,0,0,1.9444,1.3074,14.056,5.9296,40.296,34.667,49.222,37,-16.889,26.778,-9.8889,49.222,0.28965,-2.3412,1
254,159,9,0,0,3.5556,7.5407,14.833,152.7,36.63,31.333,46.222,32.333,-15.889,28.778,-12.889,46.222,0.29485,-2.3169,1
191,162,9,0,0,2.6111,1.8852,14.167,210.92,40.963,34.889,50.111,37.889,-18.222,27.444,-9.2222,50.667,0.29812,-2.5557,1
235,88,9,0,0,0.33333,0.044444,0.44444,0.074074,12.259,7.5556,21.111,8.1111,-14.111,26.556,-12.444,21.111,0.64177,-2.1367,-1
237,91,9,0,0,0.61111,0.018519,0.61111,0.1963,12.148,7.5556,20.667,8.2222,-13.778,25.556,-11.778,20.667,0.63446,-2.1476,-1
203,133,9,0,0,0.11111,0.02963,0.11111,0.02963,0.59259,0,1.7778,0,-1.7778,3.5556,-1.7778,1.7778,1,-2.0944,-1
187,134,9,0.11111,0,3,2.0444,1.1111,0.38518,26.704,20.333,37.444,22.333,-19.111,32.222,-13.111,37.444,0.45775,-2.2165,-1
239,110,9,0,0,0.27778,0.062963,0.22222,0.02963,9.4444,6.1111,15.889,6.3333,-10,19.333,-9.3333,15.889,0.62064,-2.1203,-1
235,86,9,0,0,0.27778,0.018519,0.27778,0.062963,12.333,7.7778,21.111,8.1111,-13.667,26.333,-12.667,21.111,0.63093,-2.1202,-1
201,133,9,0,0,0.61111,0.24074,0.22222,0.074074,0.74074,0.33333,1.7778,0.11111,-1.2222,3.1111,-1.8889,1.7778,0.96296,-1.9991,-1
165,119,9,0,0,1.0556,1.5741,1.4444,0.82963,29.481,23.222,40.333,24.889,-18.778,32.556,-13.778,40.333,0.42571,-2.1878,-1
211,107,9,0.11111,0,2.5556,2.2519,2.0556,2.8185,16.741,11.778,25.778,12.667,-14.889,27.111,-12.222,25.778,0.54717,-2.1595,-1
250,87,9,0,0,0.72222,0.24074,0.61111,0.37407,11.148,6.6667,19.556,7.2222,-13.444,25.222,-11.778,19.556,0.65933,-2.1386,-1
237,83,9,0,0,0.72222,0.41852,5.8333,20.922,9.8889,6,17,6.6667,-11.667,21.333,-9.6667,17,0.67658,-2.1503,-1
176,100,9,0,0,1.9444,0.77407,1.4444,0.65185,55.37,50.333,66.889,48.889,-15.111,34.556,-19.444,66.889,0.26862,-2.0062,1
238,98,9,0,0,1.3333,1.2889,1.2778,0.5963,52.852,47.556,64.667,46.333,-15.889,35.444,-19.556,64.667,0.28511,-2.0258,1
219,126,9,0,0,0.38889,0.062963,14.056,44.374,36.185,33.556,43,32,-7.8889,20.444,-12.556,43,0.25841,-1.9422,1
169,102,9,0,0,1,0.35555,0.88889,0.2963,58.222,53.444,69.667,51.556,-14.333,34.333,-20,69.667,0.25976,-1.9856,1
100,124,9,0,0,0.27778,0.062963,1,0.44444,7.0741,8.2222,8.7778,4.2222,3.4444,5.1111,-8.5556,9,0.53117,-1.1571,1
178,122,9,0,0,0.55556,0.11852,0.77778,0.11852,5.8519,7.3333,6.8889,3.3333,4.4444,3.1111,-7.5556,7.4444,0.5496,-0.94256,1
108,123,9,0,0,0.61111,0.24074,0.66667,0.26667,6.7407,8.2222,8,4,4.4444,3.7778,-8.2222,8.4444,0.52447,-0.98573,1
76,135,9,0,0,0.44444,0.11852,0.83333,0.12222,5,6.8889,5.4444,2.6667,5.6667,1.3333,-7,6.8889,0.61376,-0.69203,1
65,143,9,0,0,0.33333,0.13333,0.44444,0.074074,5.037,6.5556,5.8889,2.6667,4.5556,2.5556,-7.1111,6.6667,0.59524,-0.90742,1
120,136,9,0,0,0.61111,0.41852,1,0.44444,6.2593,7.7778,7.2222,3.7778,4.5556,2.8889,-7.4444,8,0.52954,-0.92461,1
146,140,9,0,0,1.0556,0.46296,1,0.57778,6.3333,7.8889,7.3333,3.7778,4.6667,3,-7.6667,8.2222,0.53702,-0.90927,1
37,126,9,0,0,0.38889,0.062963,0.44444,0.25185,5.7778,7.4444,6.7778,3.1111,5,3,-8,7.4444,0.58135,-0.89581,1
240,145,9,0,0,0.38889,0.15185,0.5,0.12222,4.0741,5.3333,5,1.8889,3.7778,2.7778,-6.5556,5.4444,0.65556,-0.95949,1
29,111,9,0,0,0.38889,0.24074,0.61111,0.15185,5.4074,6.8889,6.3333,3,4.4444,2.7778,-7.2222,6.8889,0.56415,-0.89786,1
217,145,9,0,0,0.55556,0.16296,0.72222,0.062963,5.2963,6.3333,6.5556,3,3.1111,3.7778,-6.8889,7,0.56415,-1.069,1
183,111,9,0,0,0.66667,0.31111,1.0556,0.50741,5.7037,6.8889,7,3.2222,3.5556,3.8889,-7.4444,7.3333,0.56614,-1.0651,1
35,132,9,0,0,0.5,0.077778,0.22222,0.16296,5.3704,7.1111,6.1111,2.8889,5.2222,2.2222,-7.4444,7.1111,0.59325,-0.80838,1
109,126,9,0,0,0.83333,0.21111,0.66667,0.35556,7.2963,8.7778,8.2222,4.8889,4.4444,2.7778,-7.2222,8.8889,0.45031,-0.91368,1
71,113,9,0,0,0.72222,0.24074,0.72222,0.15185,5.4815,7.1111,6.3333,3,4.8889,2.5556,-7.4444,7.1111,0.58003,-0.8512,1
178,128,9,0,0,0.44444,0.34074,0.88889,0.20741,5.9259,7.8889,6.4444,3.4444,5.8889,1.5556,-7.4444,7.8889,0.56371,-0.7213,1
156,123,9,0,0,0.38889,0.15185,0.38889,0.062963,6.1111,8,6.7778,3.5556,5.6667,2,-7.6667,8,0.55578,-0.76165,1
144,118,9,0,0,0.55556,0.38519,0.66667,0.4,6.4444,7.5556,8.1111,3.6667,3.3333,5,-8.3333,8.4444,0.56433,-1.1345,1
62,144,9,0,0,0.27778,0.062963,0.72222,0.32963,4.8148,6,5.7778,2.6667,3.5556,2.8889,-6.4444,6.2222,0.5746,-0.96912,1
33,149,9,0,0,0.55556,0.25185,0.72222,0.15185,5.4444,4.1111,8.6667,3.5556,-4,9.6667,-5.6667,8.6667,0.57834,-1.9857,1
16,117,9,0,0,0.27778,0.15185,0.5,0.21111,5.8889,6.8889,7.4444,3.3333,3,4.6667,-7.6667,7.4444,0.55357,-1.1797,1
18,145,9,0,0,0.38889,0.018518,0.61111,0.37407,3.9259,5.5556,4,2.2222,4.8889,0.22222,-5.1111,5.5556,0.60053,-0.57094,1
105,110,9,0,0,0.5,0.12222,1.9444,2.3741,4.2222,4.3333,6.3333,2,0.33333,6.3333,-6.6667,6.3333,0.70833,-1.5398,1
57,117,9,0,0,0.44444,0.20741,0.38889,0.062963,6.3333,7.6667,7.4444,3.8889,4,3.3333,-7.3333,8,0.51036,-0.98395,1
148,116,9,0,0,0.5,0.47778,1.1667,0.61111,6.1111,7.1111,7.6667,3.5556,3,4.6667,-7.6667,7.7778,0.54473,-1.1632,1
227,116,9,0,0,0.38889,0.15185,0.22222,0.074074,5.4074,6.5556,6.7778,2.8889,3.4444,4.1111,-7.5556,6.8889,0.58003,-1.0931,1
34,128,9,0,0,0.44444,0.11852,0.66667,0.48889,5.6667,7.4444,6.5556,3,5.3333,2.6667,-8,7.4444,0.59744,-0.8376,1
77,124,9,0,0,0.5,0.12222,0.61111,0.062963,5.1111,6.8889,5.6667,2.7778,5.3333,1.6667,-7,6.8889,0.5959,-0.75267,1
62,123,9,0,0,0.44444,0.20741,0.5,0.12222,5.8148,7.5556,6.6667,3.2222,5.2222,2.5556,-7.7778,7.5556,0.57341,-0.8376,1
150,113,9,0,0,0.5,0.25556,0.77778,0.20741,5.5926,7.1111,6.6667,3,4.5556,3.2222,-7.7778,7.1111,0.57937,-0.94256,1
121,123,9,0,0,1.5556,2.4741,0.88889,1.0963,6.963,7.8889,8.4444,4.5556,2.7778,4.4444,-7.2222,8.4444,0.475,-1.1807,1
237,135,9,0,0,0.55556,0.20741,0.66667,0.35556,4.1481,5.6667,4.7778,2,4.5556,1.8889,-6.4444,5.6667,0.64722,-0.80785,1
196,134,9,0,0,0.55556,0.25185,0.77778,0.2963,6.0741,7.4444,7.1111,3.6667,4.1111,3.1111,-7.2222,7.7778,0.52998,-0.96632,1
108,130,9,0,0,0.94444,0.5963,1,0.66667,6.6296,8.4444,7.2222,4.2222,5.4444,1.7778,-7.2222,8.4444,0.50101,-0.76408,1
34,137,9,0,0,0.5,0.16667,1.1111,0.47407,5.8519,7.7778,6.4444,3.3333,5.7778,1.7778,-7.5556,7.7778,0.57363,-0.74427,1
217,145,9,0,0,0.55556,0.16296,0.72222,0.062963,5.2963,6.3333,6.5556,3,3.1111,3.7778,-6.8889,7,0.56415,-1.069,1
114,121,9,0,0,0.44444,0.11852,0.61111,0.10741,6.4074,8,7.4444,3.7778,4.7778,3.1111,-7.8889,8,0.52822,-0.91432,1
196,124,9,0,0,0.22222,0.02963,0.83333,0.38889,6.2222,7.5556,7.4444,3.6667,4,3.6667,-7.6667,8,0.54211,-1.0115,1
80,124,9,0,0,0.55556,0.16296,0.44444,0.02963,5.1111,6.6667,6,2.6667,4.6667,2.6667,-7.3333,6.7778,0.60847,-0.87771,1
14,117,9,0,0,0.33333,0.13333,0.55556,0.074074,5.7778,6.3333,7.5556,3.4444,1.6667,5.3333,-7,7.5556,0.54365,-1.3539,1
155,140,9,0,0,0.44444,0.11852,0.66667,0.088889,5,6.5556,5.5556,2.8889,4.6667,1.6667,-6.3333,6.6667,0.56415,-0.78365,1
222,114,9,0,0,0.27778,0.062963,0.44444,0.074074,5.4444,6.1111,7.3333,2.8889,2,5.6667,-7.6667,7.3333,0.60317,-1.3145,1
188,133,9,0,0,0.33333,0.26667,0.5,0.077778,6.6667,8.3333,7.7778,3.8889,5,3.3333,-8.3333,8.4444,0.53858,-0.92482,1
97,126,9,0,0,1.0556,0.37407,1,0.84444,6.4815,7.6667,8,3.7778,3.5556,4.5556,-8.1111,8.3333,0.55159,-1.1181,1
108,111,9,0,0,0.55556,0.16296,2.5556,0.38519,3.8148,4.1111,5.5556,1.7778,0.88889,5.2222,-6.1111,5.5556,0.71561,-1.4372,1
146,124,9,0,0,0.5,0.16667,0.38889,0.10741,6.037,7.4444,7.3333,3.3333,4.2222,3.8889,-8.1111,7.6667,0.56349,-1.0247,1
68,80,9,0,0,1.1667,0.16667,1.7222,1.7074,111.07,102.89,127.33,103,-24.556,48.778,-24.222,127.33,0.19805,-2.0987,1
240,58,9,0,0,1.0556,0.77407,1,0.71111,92.704,76.889,118.56,82.667,-47.444,77.556,-30.111,118.56,0.35133,-2.2393,1
25,18,9,0,0,0.66667,0.088889,0.55555,0.38518,114.15,102.44,132.33,107.67,-35.111,54.556,-19.444,132.33,0.22573,-2.2785,1
167,45,9,0,0,0.94444,0.72963,0.61111,0.28518,101.22,87.111,124,92.556,-42.333,68.333,-26,124,0.29741,-2.2478,1
8,39,9,0.11111,0,1.3889,1.1296,1.8333,0.7,113.37,102.56,132,105.56,-32.444,55.889,-23.444,132,0.22295,-2.1982,1
14,28,9,0,0,0.55555,0.074075,1.2222,0.42963,110.48,97.889,131.11,102.44,-37.778,61.889,-24.111,131.11,0.2533,-2.2389,1
146,62,9,0,0,0.88889,0.20741,1,0.35555,99.667,85.667,121.44,91.889,-42,65.333,-23.333,121.44,0.29458,-2.2771,1
6,54,9,0,0,0.61111,0.10741,0.94444,0.55186,116.78,109.11,132.44,108.78,-23,47,-24,132.44,0.18115,-2.0792,1
86,33,9,0,0,1.1667,0.61111,0.61111,0.1963,109.89,96.778,130.56,102.33,-39.333,62,-22.667,130.56,0.2586,-2.2662,1
204,25,9,0,0,0.61111,0.32963,0.83333,0.47778,102.48,88,125.67,93.778,-43.444,69.556,-26.111,125.67,0.29958,-2.2534,1
253,75,9,0,0,0.66667,0.26667,0.88889,0.38519,88.556,72,115.89,77.778,-49.667,82,-32.333,115.89,0.37868,-2.232,1
244,79,9,0,0,0.55555,0.11852,1.0556,0.46297,89.444,73.556,115.33,79.444,-47.667,77.667,-30,115.33,0.36217,-2.2416,1
63,33,9,0,0,0.61111,0.32963,0.72222,0.062963,111.33,97.778,132,104.22,-40.667,62,-21.333,132,0.25913,-2.2904,1
